Id,Name,Telefon / Primary Phone Number,Telefon / Primary Phone Country Code,Telefon / Primary Phone Calling Code,Telefon / Additional Phones,Domain Name / Link URL,Domain Name / Link Label,Domain Name / Secondary Links,GF,Zustand,Branche,emails,Bearbeiter,Notiz,Datum,Nächster Anruf,Summary,NextStep,Potential,Follow Up,After-Call-Email,ICP
ae2cb92a-de84-452f-a9f9-8d0d38ecc99a,zilmer,,,,[],,,[],,,,,{},,,,,,,,,false
16ad072b-e086-4c08-9574-7dc315fe8f2a,,,,,[],,,[],,,,,{},,,,,,,,KEINE_ERREICHBARKEIT_EMAIL,false
"cb31f704-c5e4-4f06-91b6-fa1799d534d3,Brock Kehrtechnik GmbH,234911740,DE,‍+49,[],https://www.brock-kehrtechnik.de,,[],,,,,""{""""0"""":""""SEBASTIAN""""}"",morgen,2026-07-07T07:30:05.000Z,2026-07-08,,,,,,false"
"26699e03-b966-4246-9e9c-054af9c8ca8a,CARGOTRANS (Bremen) GmbH,421387610,DE,‍+49,[],https://www.cargotransbremen.de,,[],,,,,""{""""0"""":""""SEBASTIAN""""}"",richard.richter@cargotransbremen.de,2026-07-07T07:30:13.000Z,,,,,,,false"
"bfe6493c-9e94-4a4c-b7b9-2b228c7bc902,Pharma Aldenhoven GmbH & Co. KG,24645890,DE,‍+49,[],https://pharma-aldenhoven.de,,[],,,,,""{""""0"""":""""SEBASTIAN""""}"",,,,,,,,,false"
"91d1e474-bd65-4ac2-ac9d-f5eabf00b5c9,Rosental Organics,7489289401,DE,‍+49,[],https://rosentalorganics.com,,[],,,ECOM,,""{""""0"""":""""SEBASTIAN""""}"",nicht erreichabr,2026-07-07T11:08:42.000Z,,,,,,,false"
"b17ca09b-eae0-4094-a946-e30f5cfee31c,SPIER GmbH & Co. Fahrzeugwerk KG,5233945106,DE,‍+49,[],https://www.spier.de,,[],,,,,""{""""0"""":""""SEBASTIAN""""}"",""E-Mail Schreiben, haben schon beschaffungsagenten"",2026-07-07T11:08:44.000Z,,,,,,,false"
"b2710197-c654-46bb-a7cd-d0f55352f2da,ELEO GmbH,9565509170,DE,‍+49,[],https://www.eleo.de,,[],,,,,""{""""0"""":""""SEBASTIAN""""}"",kundenservice@eleo-zaun.de,2026-07-07T11:08:45.000Z,,,,,,,false"
"5adba649-af34-4824-9219-8ca41cb40ea7,Muhr-Welding GmbH,384543350,DE,‍+49,[],https://www.muhr-welding.de,,[],,,,,""{""""0"""":""""SEBASTIAN""""}"",""Herr Allritz, 015162864893, Einführung eines neuen ERPSystems, Mail wird gesendet."",2026-07-07T11:08:47.000Z,,,,,,,false"
"e23da328-8d1a-4752-95d6-337e23e8b771,SolutiCon GmbH,61965255150,DE,‍+49,[],https://soluticon.de,,[],,,,,""{""""0"""":""""SEBASTIAN""""}"",1-Mann Beratungsfirma,2026-07-07T11:08:49.000Z,,,,,,,false"
"b586506a-a0a4-4e27-9303-be285c574ca5,BOARDLINK Healthcare GmbH,21154570686,DE,‍+49,[],https://boardlink-healthcare.de,,[],,,,,""{""""0"""":""""SEBASTIAN""""}"",,,,,,,,,false"
"fb32fd66-b1e3-4bc8-87da-b64f4bdba9a1,GGK,27799150,DE,‍+49,[],https://www.ggk-online.com,,[],,,,,""{""""0"""":""""SEBASTIAN""""}"",""218, das ist die durchwahl zur sachbearbeiterin, behaupten sie habne keine stellenanzeige"",2026-07-07T11:08:51.000Z,,,,,,,false"
"171fb2d9-b983-46f9-be66-0fea57949f36,Böttcher Gartenbau,6206702850,DE,‍+49,[],https://www.boettcher-gartenbau.de,,[],,,,,""{""""0"""":""""SEBASTIAN""""}"",kontakt@böttcher-gartenbau.de,2026-07-07T11:08:52.000Z,,,,,,,false"
"423ff25e-5bce-4aa2-abbc-bafdb14463fa,Ferronordic GmbH,69353571950,DE,‍+49,[],https://ferronordic.de,,[],,,,,""{""""0"""":""""SEBASTIAN""""}"",bewerbung@ferronordic.de,2026-07-07T11:08:54.000Z,,,,,,,false"
"34f72ad8-0a3f-4909-8702-c93f03767439,Teknos Deutschland GmbH,2163950970,DE,‍+49,[],https://www.teknos.com,,[],,,,,""{""""0"""":""""SEBASTIAN""""}"",In ALztenau anrufen beim Einkaufsleiter: 0602396110,2026-07-07T11:08:56.000Z,,,,,,,false"
"4a00ca2d-762c-43e7-ae6c-a5962e179725,roda computer GmbH,722795790,DE,‍+49,[],https://www.roda-computer.de,,[],,,,,""{""""0"""":""""SEBASTIAN""""}"",,,,,,,,,false"
"4925d12f-9b0e-4a8b-a15a-df07f864876b,FINOW,3334570,DE,‍+49,[],https://www.finow.de,,[],,,,,""{""""0"""":""""SEBASTIAN""""}"",,,,,,,,,false"
"0da0db49-d50e-445f-8edb-7ce42f446262,SB Security,86544039991,DE,‍+49,[],https://ts.domainname.de/sb-security.de,,[],,,,,""{""""0"""":""""SEBASTIAN""""}"",,,,,,,,,false"
"bf4ec816-db86-4330-a0a5-a705d90dc22c,Gossen Metrawatt GmbH,91186020,DE,‍+49,[],https://www.gmc-instruments.de,,[],,,,,""{""""0"""":""""SEBASTIAN""""}"",einkauf@ + personal@,2026-07-07T11:08:59.000Z,,,,,,,false"
"e9671709-ad3f-4d70-bc1e-3ae013096078,Auto Köhler GmbH & Co. KG,875186700,DE,‍+49,[],https://www.auto-koehler.de,,[],,,,,""{""""0"""":""""SEBASTIAN""""}"",e-Mail in info@,2026-07-07T11:09:00.000Z,,,,,,,false"
"6884f341-f375-4e4f-a278-52a66338ab23,Dexcel Pharma,602394800,DE,‍+49,[],https://www.dexcel-pharma.de,,[],,,,,""{""""0"""":""""SEBASTIAN""""}"",,,,,,,,,false"
"5750f46e-8e2b-4a0b-9378-e3973ddebcce,Zelaba GmbH,6042599980,DE,‍+49,[],,,[],,,,,""{""""0"""":""""SEBASTIAN""""}"",,,,,,,,,false"
"b97f1715-4823-4a8a-a246-85df1bf3d916,Wörmann-Team GmbH & Co. KG,52079290780,DE,‍+49,[],https://woermann-team.de,,[],,,,,""{""""0"""":""""SEBASTIAN""""}"",sucht kein Einkäufer,2026-07-07T11:09:03.000Z,,,,,,,false"
"7df27cf8-9dfe-44ea-9bd4-4da9fea33277,Medisca,8009321039,DE,‍+49,[],https://www.medisca.com,,[],,,,,""{""""0"""":""""SEBASTIAN""""}"",nicht erreicht,2026-07-07T11:09:05.000Z,,,,,,,false"
"6adbc90d-a167-4a5d-87be-96d3d846fc2b,Torqeedo GmbH,81539215100,DE,‍+49,[],http://www.torqeedo.com,,[],,,,,""{""""0"""":""""SEBASTIAN""""}"",kein ANprechpartner,2026-07-07T11:09:07.000Z,,,,,,,false"
"c1992a0d-3018-4f16-9ff0-87dec64800a7,Maryan Beachwear Group GmbH,776392010,DE,‍+49,[],https://www.maryan-beachwear-group.de,,[],,,,,""{""""0"""":""""SEBASTIAN""""}"",info@maryan-beachwear.de,2026-07-07T11:09:08.000Z,,,,,,,false"
"3ded280d-79af-4dec-ace3-4815941b39f4,Schell GmbH & Co. KG,27618920,DE,‍+49,[],https://www.schell.eu,,[],,,,,""{""""0"""":""""SEBASTIAN""""}"",""02761892-166, Herr Meisner, 193, Merz, andreas.merz@schell.eu"",2026-07-07T11:09:12.000Z,2026-07-15,,,,,,false"
"4ab247d3-5e87-402f-926f-290721c22fe9,Tintometer GmbH,231945100,DE,‍+49,[],http://www.lovibond.com,,[],,,,,""{""""0"""":""""SEBASTIAN""""}"",info@lovebond.com,2026-07-07T11:09:14.000Z,,,,,,,false"
"5dcaee1d-840c-4a83-9129-f86a3794f072,Wi IPP GmbH & Co. KG,61319164003,DE,‍+49,[],https://www.wi-ipp.de,,[],,,,,""{""""0"""":""""SEBASTIAN""""}"",nicht durchgekommen,2026-07-07T11:09:16.000Z,,,,,,,false"
"2d8fc836-9f40-4b30-95af-9495bac2df6b,Karcoma-Armaturen GmbH,15678392894,DE,‍+49,[],https://www.karcoma.com,,[],,,,,""{""""0"""":""""SEBASTIAN""""}"",können keine anrufe entgegennehmen,2026-07-07T11:09:17.000Z,,,,,,,false"
"00610c5c-6515-4264-8314-2987f84ec41b,HOLOGATE GmbH,89999500120,DE,‍+49,[],http://www.hologate.com,,[],,,,,""{""""0"""":""""SEBASTIAN""""}"",einkaufsleiter mittagspause,2026-07-07T11:09:22.000Z,,,,,,,false"
"de40e7d6-c601-4701-b6fb-1b179868bf6b,Bleichert Inc,6291930,DE,‍+49,[],https://www.bleichert.de,,[],,,,,""{""""0"""":""""SEBASTIAN""""}"",info@bleichert.de,2026-07-07T11:09:24.000Z,2026-07-15,,,,,,false"
"b7ed6c72-b761-47ff-8266-9b1d3b25e292,Ortovox,89666740,DE,‍+49,[],https://www.ortovox.com,,[],,,ECOM,,""{""""0"""":""""SEBASTIAN""""}"",außerhalb der Geschäftszeiten,2026-07-07T11:09:27.000Z,,,,,,,false"
"e0040e15-8abd-4e41-8650-642090b4103b,WEINMANN Emergency Medical Technology,408818960,DE,‍+49,[],https://www.weinmann-emergency.com/de,,[],,,,,""{""""0"""":""""SEBASTIAN""""}"",,,,,,,,,false"
"22bdbb81-783b-4c36-bd14-7455e6f6a44e,FACTUREE,3062939390,DE,‍+49,[],https://www.facturee.de,,[],,,,,""{""""0"""":""""SEBASTIAN""""}"",""nehmen keine anrufe entgegen, info@"",2026-07-07T11:09:29.000Z,,,,,,,false"
"2743cd29-6282-4286-8541-467e85a67204,SK-tronic GmbH,3645453717,DE,‍+49,[],https://www.sk-tronic.de,,[],,,,,""{""""0"""":""""SEBASTIAN""""}"",,,,,,,,,false"
"6adb7369-1999-40e9-9eb3-2761987c5e89,STUR GmbH,15678392894,DE,‍+49,[],https://sturcookware.de,,[],,,ECOM,,""{""""0"""":""""SEBASTIAN""""}"",,,,,,,,,false"
"841ebb14-a4c3-4415-b6a4-788920b24915,Oehm und Rehbein GmbH,38136600500,DE,‍+49,[],https://www.oehm-rehbein.de,,[],,,,,""{""""0"""":""""SEBASTIAN""""}"",info@,2026-07-07T11:09:32.000Z,2026-07-15,,,,,,false"
"9298c26a-aace-4ae9-8400-2490fd9b8d7b,BÜCHI Labortechnik,201747490,DE,‍+49,[],https://www.buchi.com,,[],,,,,""{""""0"""":""""SEBASTIAN""""}"",nicht erreicht,2026-07-07T11:09:41.000Z,,,,,,,false"
"6933809b-6490-4b35-87cc-f8c6b66de9ca,prognum Automotive GmbH,7114004660,DE,‍+49,[],https://prognum.de,,[],,,,,""{""""0"""":""""SEBASTIAN""""}"",nicht erreicht,2026-07-07T11:09:44.000Z,,,,,,,false"
"aa432245-259b-487e-8158-67f4ce15f67f,Schauer Agrotronic,727723260,AT,‍+43,[],http://www.schauer-agrotronic.com,,[],,,,,""{""""0"""":""""SEBASTIAN""""}"",nicht erreicht,2026-07-07T11:09:46.000Z,,,,,,,false"
"d4035b97-4e6e-46ec-98de-04a4f2467208,Schnorpfeil Rhein-Main GmbH & Co. KG,610527660,DE,‍+49,[],https://schnorpfeil-rhein-main.com,,[],,,,,""{""""0"""":""""SEBASTIAN""""}"",nicht erreicht,2026-07-07T11:09:47.000Z,,,,,,,false"
"44e43133-ae5b-48da-a951-9959206b2f4b,Elektrotechnik Schuster,7327920170,DE,‍+49,[],http://www.et-schuster.de,,[],,,,,""{""""0"""":""""SEBASTIAN""""}"",,,,,,,,,false"
"2eb102dd-2586-46f1-8787-db1c943ee8fd,KGP Electronics,2351672100,DE,‍+49,[],https://www.kgp-electronics.de/en,,[],,,,,""{""""0"""":""""SEBASTIAN""""}"",""vertrieb rangegenagne, nochmal anrufen"",2026-07-07T11:09:49.000Z,2026-07-15,,,,,,false"
"e24c25e5-ac9e-43d8-94e5-2a7920dd4419,Indulor Chemie GmbH,546274120,DE,‍+49,[],https://www.indulor.com/de/unternehmen,,[],,,,,""{""""0"""":""""SEBASTIAN""""}"",morgen früh nochmal,2026-07-07T11:09:51.000Z,,,,,,,false"
"9bad2466-5b28-441d-9193-10b889e4a221,Heinz Walz GmbH,913377650,DE,‍+49,[],http://www.walz.com,,[],,,,,""{""""0"""":""""SEBASTIAN""""}"",""einkauf erreicht, kein Interesse"",2026-07-07T11:09:53.000Z,,,,,,,false"
"98f694f7-9b84-421f-af58-020d7b005035,DekoVries GmbH,44894047302,DE,‍+49,[],https://www.devries-group.de,,[],,,,,""{""""0"""":""""SEBASTIAN""""}"",nicht erreichbar,2026-07-07T11:09:56.000Z,,,,,,,false"
"86e20637-3bec-49b6-a9cb-2ae9df2c4fe0,DIBAG Industriebau,89324700,DE,‍+49,[],https://dibag.de,,[],,,,,""{""""0"""":""""SEBASTIAN""""}"",nicht erreichbar,2026-07-07T11:09:55.000Z,,,,,,,false"
"d83c8aeb-b03b-4269-88ab-8ecf2091e937,Wakol GmbH,633180010,DE,‍+49,[],https://www.wakol.com/de,,[],,,,,""{""""0"""":""""SEBASTIAN""""}"",""063318001157, in der Pause"",2026-07-07T11:09:59.000Z,2026-07-15,,,,,,false"
"3e089a63-0ab4-4bbf-b029-c01196eb7da4,connect people & company GmbH,1602470951,DE,‍+49,[],https://connectpeople.de,,[],,,,,""{""""0"""":""""SEBASTIAN""""}"",,,,,,,,,false"
"18cad334-0f58-42a1-a0dd-c050d936b52f,DEAXO GmbH,3518507440,DE,‍+49,[],https://deaxo.de/DEAXO_Willkommen_im_Team,,[],,,,,""{""""0"""":""""SEBASTIAN""""}"",nicht erreicht,2026-07-07T11:10:00.000Z,,,,,,,false"
"516fdbbf-234b-47e9-86b7-d1403a5892f0,Demmeler Maschinenbau GmbH & Co. KG,833598590,DE,‍+49,[],http://www.demmeler.com,,[],,,,,""{""""0"""":""""SEBASTIAN""""}"",nciht erreicht,2026-07-07T11:10:02.000Z,,,,,,,false"
"a22419ab-883e-4add-be3e-d50b040fc330,""Greif-Velox America, LLC"",45153030,DE,‍+49,[],https://greif-velox.com/en,,[],,,,,""{""""0"""":""""SEBASTIAN""""}"",""d.pruessmann@greif-velox.com, kein Interesse"",2026-07-07T11:10:04.000Z,2026-07-15,,,,,,false"
"7389d89c-33b6-4876-811d-bda85ea71eaa,Schmidt+Haensch GmbH & Co,304170720,DE,‍+49,[],https://schmidt-haensch.com,,[],,,,,""{""""0"""":""""SEBASTIAN""""}"",s.bhawar@schmidt-haensch.de,2026-07-07T11:10:05.000Z,2026-07-15,,,,,,false"
"8a453541-a921-4ed9-a6b9-fa2414f30779,link protect GmbH,80915384400,DE,‍+49,[],https://www.linkprotect.de,,[],,,,,""{""""0"""":""""SEBASTIAN""""}"",info@,2026-07-07T11:10:08.000Z,2026-07-15,,,,,,false"
"dac6fd16-af3d-4aef-bbc8-1932a5dc4f5a,Sprick,521932050,DE,‍+49,[],https://www.papier-sprick.de,,[],,,,,""{""""0"""":""""SEBASTIAN""""}"",nicht erreicht,,,,,,,,false"
"cc8a386e-1170-4012-a8c0-0c9503d4c383,TEMA Personal,61519675335,DE,‍+49,[],https://tema-personal.de,,[],,,,,""{""""0"""":""""SEBASTIAN""""}"",,,,,,,,,false"
"a693ff31-4728-4bc2-82fa-5166a694fcae,Sachsen Fahnen GmbH & Co.KG,35783590,DE,‍+49,[],https://www.sachsenfahnen.de,,[],,,,,""{""""0"""":""""SEBASTIAN""""}"",,,,,,,,,false"
"3a2476cf-e628-4885-ac88-d7eb4b38c98b,alwitra GmbH,65191020,DE,‍+49,[],https://alwitra.de,,[],,,,,""{""""0"""":""""SEBASTIAN""""}"",nicht erreicht,,,,,,,,false"
"5fc03f6f-1c46-469f-81b0-fec73ec1b17e,SW-MOTECH GmbH & Co. KG,6425816800,DE,‍+49,[],http://www.sw-motech.com,,[],,,,,""{""""0"""":""""SEBASTIAN""""}"",zentrale@sw-motech.com,,2026-07-15,,,,,,false"
"a87b41de-08b9-4e9e-9826-b5ea8269c4f9,LINOVAG LADENBAU GmbH,66212000,DE,‍+49,[],https://www.linovag.de,,[],,,,,""{""""0"""":""""SEBASTIAN""""}"",abgelehnt,,,,,,,,false"
"012e4073-6c68-4e54-b118-c3f2e3e0f4c8,alphacaps GmbH,52378989011,DE,‍+49,[],https://www.alphacaps.de,,[],,,,,""{""""0"""":""""SEBASTIAN""""}"",nicht erreicht,,,,,,,,false"
"8942ea3a-c4ee-409a-85b5-b95ac3530777,Holoeye Photonics AG,009010,,‍+1,[],https://holoeye.com,,[],,,,,""{""""0"""":""""SEBASTIAN""""}"",,,,,,,,,false"
"d6afcc49-9cbb-4ced-aa2b-773a583940a0,Micro-Epsilon Messtechnik,603070,DE,‍+49,[],http://www.micro-epsilon.de,,[],,,,,""{""""0"""":""""SEBASTIAN""""}"",nicht erreicht,,,,,,,,false"
"8f32aa74-f286-4f26-b1d1-1921406dd3a1,Isotek GmbH,6032804630,DE,‍+49,[],https://www.isotek.de,,[],,,,,""{""""0"""":""""SEBASTIAN""""}"",existiert nicht mehr,,,,,,,,false"
"f8ee6355-f1c6-41df-af81-087bf324a84a,Scheuerle Fahrzeugfabrik GmbH,79416912999,DE,‍+49,[],https://www.tii-group.com/de/tii-scheuerle,,[],,,,,""{""""0"""":""""SEBASTIAN""""}"",nicht erreicht,,,,,,,,false"
"5565db53-d12e-40a4-b3c0-d75500de9e8b,fabplus GmbH,90709601960,DE,‍+49,[],https://fabplus.de,,[],,,,,""{""""0"""":""""SEBASTIAN""""}"",nciht erreicht,,,,,,,,false"
"14e6e036-eece-4edc-90c2-9131436625a9,ProContain,22156783504,DE,‍+49,[],https://www.procontain.com,,[],,,,,""{""""0"""":""""SEBASTIAN""""}"",nicht erreicht,,,,,,,,false"
"2b5adff3-7be2-46d4-9111-838c71a27da5,CAPERA GmbH & Co. KG,56140085920,DE,‍+49,[],https://capera.de,,[],,,,,""{""""0"""":""""SEBASTIAN""""}"",personal,,,,,,,,false"
"679c365e-f582-4be0-b55f-a35b8733f16d,PE Automotive GmbH & Co. KG,202947980,DE,‍+49,[],https://www.pe.de,,[],,,,,""{""""0"""":""""SEBASTIAN""""}"",""330, Herr Hirtzmann: abegelehnt"",,,,,,,,false"
6b6d3966-e90d-43c9-8cf9-6afcf48c8f21,Nokera AG,417669898,CH,‍+41,[],https://nokera.com,,[],,,,,{},,,,,,,,,false
c83832b7-3921-4f4c-99c4-d3af6426449f,Schwaiger,91017020,DE,‍+49,[],http://www.schwaiger.de,,[],,,,,{},,,,,,,,,false
4cb3bc76-ebe3-47d7-86fb-a0666d16a356,EPROPLAST GmbH,368340710,DE,‍+49,[],https://www.eproplast.com,,[],,,,,{},,,,,,,,,false
ca97a58e-77eb-4aa7-b071-365513d688f3,Biomex GmbH,622141660,DE,‍+49,[],https://biomex.de,,[],,,,,{},,,,,,,,,false
09b48f28-42b1-41fb-be7a-a4da95818202,CorpoTex GmbH,6441566690,DE,‍+49,[],https://corpotex.de,,[],,,,,{},,,,,,,,,false
f05e316b-2e48-4785-a066-6a057d5af41f,Julius Berger GmbH & Co. KG,61367368,DE,‍+49,[],https://juliusberger.de,,[],,,,,{},,,,,,,,,false
a58011cb-835d-4be1-a94a-3c0507720386,adesta GmbH & Co. KG,6151604070,DE,‍+49,[],https://www.adesta.de,,[],,,,,{},,,,,,,,,false
5bbc18d3-d002-4d6c-90c0-598709561b7b,RENNER GmbH KOMPRESSOREN,7135931930,DE,‍+49,[],https://www.renner-kompressoren.de/produkte,,[],,,,,{},,,,,,,,,false
2c8331f0-4e86-430e-acb9-0f7a5331ee3f,Mair Elektronik GmbH,8122955890,DE,‍+49,[],https://www.mair.demmel-group.com/de,,[],,,,,{},,,,,,,,,false
7c128b72-7206-45d5-8d1c-36a2758fa5d3,EBE Elektro-Bau-Elemente GmbH,711799860,DE,‍+49,[],https://www.ebe.de/de,,[],,,,,{},,,,,,,,,false
f3a8b502-8d78-4d2b-a034-758e756a518d,GRAU,41013702029,DE,‍+49,[],https://www.grau.art,,[],,,ECOM,,{},,,,,,,,,false
1e23f02c-bc7b-4d4a-948e-69ef6be11c74,Hazemag USA Inc,7244393512,US,‍+1,[],http://na.hazemag.com,,[],,,,,{},,,,,,,,,false
40da111f-af6a-46be-b1e5-8007ac8d3348,CUONICS GmbH,9421753070,DE,‍+49,[],https://cuonics.com,,[],,,,,{},,,,,,,,,false
5ae2dbb1-2f04-4a4a-9d1e-2c2ee7031e30,pates GmbH,891241393800,DE,‍+49,[],http://www.pates-experts.com,,[],,,,,{},,,,,,,,,false
5b93100a-db58-4307-a643-27939b1baf65,OilQuick Deutschland KG,820296180,DE,‍+49,[],https://www.oilquick.de,,[],,,,,{},,,,,,,,,false
3bdb173d-8c2a-4037-ac52-28aab56594e7,Halstrup-Walcher GmbH,766139630,DE,‍+49,[],https://www.halstrup-walcher.de/de,,[],,,,,{},,,,,,,,,false
461a1b6c-4c6a-4be3-8f86-1fccc47547f1,Kretzer Scheren GmbH,212262350,DE,‍+49,[],https://www.kretzer.de,,[],,,,,{},,,,,,,,,false
2738b3d0-c5f7-452a-87fc-0c292a148514,SMA Tech GmbH & Co. KG,5751921000,DE,‍+49,[],https://www.sma-tech.de,,[],,,,,{},,,,,,,,,false
4586336e-5bd6-4ac6-a01d-35f7857a032e,Dörrenberg Edelstahl GmbH,2263790,DE,‍+49,[],https://www.doerrenberg.de,,[],,,,,{},,,,,,,,,false
66c9be4a-6094-477e-8945-bba0e3312333,E.E.P.D. GmbH,813622820,DE,‍+49,[],https://www.eepd.de/de,,[],,,,,{},,,,,,,,,false
bb7f64aa-871e-4ee9-bf74-f15447911d6f,markilux,25721531333,DE,‍+49,[],https://www.markilux.com/de-de/markilux-als-arbeitgeber,,[],,,,,{},,,,,,,,,false
"c23f8f45-2f53-47f7-912f-9eb0e7f602d7,ADV Schoder,82179040,DE,‍+49,""[{""""number"""":""""082179040"""",""""callingCode"""":""""+1"""",""""countryCode"""":""""""""}]"",https://adv-schoder.de,,[],,,,,{},,,,,,,,,false"
"0baf3136-8ea3-40f2-af1b-8b95f27b7032,Friedmann Elektrotechnik GmbH,7223287960,DE,‍+49,""[{""""number"""":""""7223287960"""",""""callingCode"""":""""+49"""",""""countryCode"""":""""DE""""}]"",https://www.friedmann-elektrotechnik.de,,[],,,,,{},,,,,,,,,false"
9ab87e4a-573f-49ec-ba28-efec63fbd8e2,Heka Werkzeuge GmbH,794191990,DE,‍+49,[],https://www.heka-werkzeuge.de,,[],,,,,{},,,,,,,,,false
b5364c21-c790-451e-bc4e-f635508fe749,World of Sweets GmbH,41938807070,DE,‍+49,[],https://www.worldofsweets.de,,[],,,ECOM,,{},,,,,,,,,false
c08423c3-7895-46f6-ab82-cc14142e790f,Tennant Metall & Technologie GmbH,2323965400,DE,‍+49,[],http://www.tennant-metall.de,,[],,,,,{},,,,,,,,,false
719ad63d-b56e-4449-a7e2-3e0905d6b6ae,Rock Solid Crew GmbH,,,,[],https://rscrew.de,,[],,,,,{},,,,,,,,,false
f4810e1b-c543-4828-8e7f-8481641c839f,INOCLAD Engineering GmbH,79049429090,DE,‍+49,[],http://www.inoclad.com,,[],,,,,{},,,,,,,,,false
cf5c428e-43e4-478a-8974-44959bf136a8,Deutscher Landwirtschaftsverlag GmbH,89127051,DE,‍+49,[],https://www.dlv.de,,[],,,,,{},,,,,,,,,false
84eab728-c895-42d9-879c-78dce9e59016,GEMA Gebäudemanagement GmbH & Co. KG,8954800600,DE,‍+49,[],http://www.gema-gebaeudemanagement.de,,[],,,,,{},,,,,,,,,false
bf7fd665-6701-41fd-9baf-a20a2f0f05e1,CompuSafe Data Systems,8972699100,DE,‍+49,[],https://www.compusafe.de,,[],,,,,{},,,,,,,,,false
4ba4e0df-23e3-499d-bdb8-577f9052e90f,CMC Engineering GmbH,5772200990,DE,‍+49,[],https://cmceng.de,,[],,,,,{},,,,,,,,,false
1e7573db-4e64-4d96-a53f-1d24f9131156,Fischer EKF GmbH & Co. KG,2951937870,DE,‍+49,[],https://www.fischer-ekf.de,,[],,,,,{},,,,,,,,,false
598b233d-3699-45c2-9385-e8dab572e851,helag electronic gmbh,74528240,DE,‍+49,[],https://www.helag-electronic.de,,[],,,,,{},,,,,,,,,false
f4ec5e4f-a702-417d-a3bf-13d59710ff59,multitorch technologies GmbH,6226789320,DE,‍+49,[],https://karriere.multitorch.de,,[],,,,,{},,,,,,,,,false
0d01bc6f-051c-482a-8d62-55134a23e2cf,IBS Scherer GmbH,670193830,DE,‍+49,[],http://www.ibs-scherer.de,,[],,,,,{},,,,,,,,,false
3a3af50b-d4b3-4806-b0d7-a84c1199ed54,EMC-direct,32222062656,DE,‍+49,[],https://www.emc-direct.de,,[],,,ECOM,,{},,,,,,,,,false
838ba7ac-a018-4ded-8ab8-6e4103cca27c,Dynamit Nobel Defence,2736462014,DE,‍+49,[],http://www.dn-defence.com,,[],,,,,{},,,,,,,,,false
245ae756-b64d-4efe-9b63-63e0d47a13bb,GPEGroup,42589200,AE,‍+971,[],https://gpegroup.com,,[],,,,,{},,,,,,,,,false
6167fd89-43b1-4a5c-998e-9e5aa5858d68,Oxford PV Germany GmbH,338179704200,DE,‍+49,[],https://www.oxfordpv.com,,[],,,,,{},,,,,,,,,false
9cdd0aba-d7e0-4edd-a8be-ed9e43f5a3bb,INDRA Recycling GmbH,620529090,DE,‍+49,[],https://www.indra-recycling.de,,[],,,,,{},,,,,,,,,false
2d79134b-11b3-4b7e-913a-5102ee36e5cd,Börsig GmbH,713293930,DE,‍+49,[],https://www.boersig.com,,[],,,,,{},,,,,,,,,false
7e965e6a-7379-4782-924c-cf8e7cea2543,Sinnwell GmbH,89411472869,DE,‍+49,[],http://www.sinnwell-it-service.de,,[],,,,,{},,,,,,,,,false
0493faaf-ceeb-48f0-839a-43e57a2c0a53,Genius GmbH,643198880,DE,‍+49,[],https://www.genius-germany.de,,[],,,,,{},,,,,,,,,false
78fe7f9b-530f-495a-af84-79f26b9fc68a,Berg Autoteile GmbH,0393164730,,‍+1,[],https://www.berg-autoteile.de,,[],,,ECOM,,{},,,,,,,,,false
49a88784-1d26-47d6-b345-6c43c0accd91,WTG Holding GmbH,52585030,DE,‍+49,[],https://wtg.de,,[],,,,,{},,,,,,,,,false
347a4a0e-7021-4618-9a50-b1644ab52f43,Marantec Group,52477050,DE,‍+49,[],https://www.marantec.com/de,,[],,,,,{},,,,,,,,,false
08ea0522-f582-47cd-91cb-38c5382c12b5,Wareg Verpackungs GmbH,625184500,DE,‍+49,[],https://www.wareg.de,,[],,,,,{},,,,,,,,,false
ba412538-847b-4064-be1d-ce958a920a0f,Schmitt Stahlbau GmbH,209940880,DE,‍+49,[],https://ssb-schmitt.de,,[],,,,,{},,,,,,,,,false
01edbd47-8ca0-4f9c-9a25-a029e66463cf,HOLMER Maschinenbau GmbH,945193030,DE,‍+49,[],https://www.holmer-maschinenbau.de,,[],,,,,{},,,,,,,,,false
83e8aaae-2de9-4f7c-8b71-f24effa52cc9,Kloepfel Group GmbH,21188259400,DE,‍+49,[],https://www.kloepfel-consulting.com,,[],,,,,{},,,,,,,,,false
a0eb6671-b34f-4d4a-85c7-53ff4cbc1661,Imm GmbH,3038678900,US,‍+1,[],https://imm.com,,[],,,,,{},,,,,,,,,false
9870885a-7a5e-4769-9824-087224811bc3,FRAGOL AG,2083000250,DE,‍+49,[],https://www.fragol.com,,[],,,,,{},,,,,,,,,false
bce215f0-179f-4003-a564-71c4a23dd1ce,PartSpace,9914022800,DE,‍+49,[],https://www.partspace.io,,[],,,,,{},,,,,,,,,false
d3d5f9f8-9255-4fc0-a722-32fb844ad637,Lichtenheldt GmbH,455490700,DE,‍+49,[],https://lichtenheldt.de,,[],,,,,{},,,,,,,,,false
e1723a22-0840-4a87-a0aa-7848afcb9a75,ALPRO MEDICAL,772593920,DE,‍+49,[],https://www.alpro-medical.de,,[],,,,,{},,,,,,,,,false
3ac216f0-7478-4433-91cd-c0e894963763,Expo Display Service GmbH,6227877290,DE,‍+49,[],https://expodisplayservice.de,,[],,,ECOM,,{},,,,,,,,,false
29954b6c-1eb8-4ebc-b2b6-2ae169f5a36c,KLN Ultraschall AG,6252140,DE,‍+49,[],https://www.kln-ultraschall.de,,[],,,,,{},,,,,,,,,false
5b051217-7425-4f4d-8966-b8e8fe5bfd2d,modul technik GmbH,260294490,DE,‍+49,[],https://www.modul-technik.de,,[],,,,,{},,,,,,,,,false
a0e51153-2bc6-4dc9-bfde-754dc930cbf1,gkd-el,018225,,‍+1,[],https://www.gkd-el.de,,[],,,,,{},,,,,,,,,false
8da7f866-5f8e-44e4-8629-4f97acc4c400,REMIS GmbH,221788800,DE,‍+49,[],https://www.remis.de/startseite,,[],,,,,{},,,,,,,,,false
3459f912-4b60-450a-b5d5-e1bbf4c7560e,WEBER GmbH,602135880,DE,‍+49,[],https://bewerber.webergmbh.de,,[],,,,,{},,,,,,,,,false
6c107ff7-3264-4867-85f4-cbf271ab6da9,ABC Umformtechnik GmbH & Co. KG,2333799216,DE,‍+49,[],https://www.abc-umformtechnik.com,,[],,,,,{},,,,,,,,,false
1ba13a13-a143-49c3-88c3-3d79faec7a10,KTP Kunststoff Palettentechnik GmbH,06223268,,‍+1,[],https://ktp-online.de,,[],,,,,{},,,,,,,,,false
91585f4d-5465-435d-81f8-31fbfa7a718c,elrest Automationssysteme GmbH,7021920250,DE,‍+49,[],https://www.elrest.de,,[],,,,,{},,,,,,,,,false
a848ba18-dc27-4003-8fef-437445c8cd49,grey engineering GmbH,30209673360,DE,‍+49,[],https://grey-engineering.com,,[],,,,,{},,,,,,,,,false
18163de9-4c96-4942-8aeb-e3f0929354d0,METZ GROUP,91197060,DE,‍+49,[],https://www.metz.de,,[],,,,,{},,,,,,,,,false
d432d2c8-6119-45f5-83da-1dd0a9685168,ELEMENT 3-5 GmbH,6915392540,DE,‍+49,[],https://element.de,,[],,,,,{},,,,,,,,,false
fce84ebe-b4b7-41f2-a3a7-052c86062535,HAZET-WERK Hermann Zerver GmbH & Co. KG,2191792355,DE,‍+49,[],http://www.hazet.de,,[],,,,,{},,,,,,,,,false
97295234-9cc6-4dec-b782-501d6dfc5c0a,ENQT GmbH,4035732065,DE,‍+49,[],https://enqt.de,,[],,,,,{},,,,,,,,,false
59647d6b-cf8f-4a85-9cb7-a229f8ec58e0,STEBOTEC CNC-Zerspanungstechnik GmbH,70824916820,DE,‍+49,[],https://www.stebotec.de,,[],,,,,{},,,,,,,,,false
bea8f276-2569-4c5d-b086-0d721f7b7bac,Gurtec GmbH,533293090,DE,‍+49,[],https://gurtec.com,,[],,,,,{},,,,,,,,,false
364f10cf-0d47-43bd-a0e2-cc08adc91b0e,upgrade4you GmbH,4053308530,DE,‍+49,[],https://upgrade4you.de,,[],,,,,{},,,,,,,,,false
d09cb651-18b2-4919-9ace-32bb9ecf3c33,FM Kunststofftechnik GmbH,44948762100,DE,‍+49,[],https://www.fm-kunststofftechnik.de,,[],,,,,{},,,,,,,,,false
4ca29d38-e23d-4599-9bd9-96fd03b12046,swisspor Deutschland GmbH,394847120,DE,‍+49,[],https://www.swisspor.com/de-de,,[],,,,,{},,,,,,,,,false
029452a0-9299-4394-9b3e-434fef9614b7,Silver Atena GmbH,1728330344,DE,‍+49,[],https://karriere.silver-atena.de,,[],,,,,{},,,,,,,,,false
e72b0d86-417c-44d6-b41f-a3f5b2a36006,Swobbee GmbH,30587047000,DE,‍+49,[],https://swobbee.com/de,,[],,,,,{},,,,,,,,,false
001d8ce1-c347-4cfe-a285-393d57964f2b,swissplast AG,817204050,CH,‍+41,[],https://www.swissplast.com,,[],,,,,{},,,,,,,,,false
1661b23a-318c-4430-ae2e-2a6aaf836871,Swissbit AG,719130300,CH,‍+41,[],http://swissbit.com,,[],,,,,{},,,,,,,,,false
94fa0da1-4802-417a-ba59-52a5dacd29c6,Kerb-Konus-Vertriebs-GmbH,96216790,DE,‍+49,[],https://www.kerbkonus.de/de/index.php,,[],,,,,{},,,,,,,,,false
2c214cba-db76-465d-af5c-cc8d77044077,Layertec GmbH,364537440,DE,‍+49,[],https://www.layertec.de/en,,[],,,,,{},,,,,,,,,false
7b9541c6-7e3c-418f-90b7-5d393ce180b0,Senning,421694620,DE,‍+49,[],https://www.senning.de,,[],,,,,{},,,,,,,,,false
0e43430f-cdaa-4e9b-957e-56f59429ff0a,maurer electronic gmbh,7374921300,DE,‍+49,[],https://www.maurer-electronic.com,,[],,,,,{},,,,,,,,,false
dd142ca8-c750-438c-bb4d-87728a3a5ac1,Brüggen Engineering GmbH,6214294470,DE,‍+49,[],https://www.brueggen-engineering.de,,[],,,,,{},,,,,,,,,false
fdc89481-5066-41f5-b26a-25ea92583b4b,Nürmont GmbH,912892550,DE,‍+49,[],http://www.nuermont.de,,[],,,,,{},,,,,,,,,false
ef778a52-9453-45aa-b691-0f5ea159a9c9,Schweng GmbH,08009279800,,‍+1,[],https://schweng.eu,,[],,,,,{},,,,,,,,,false
06404b1a-5fbc-42ac-a823-44bc3ee5bf33,Sulzer,89318580,DE,‍+49,[],https://www.sulzer.de,,[],,,,,{},,,,,,,,,false
24dc554f-66b0-4382-a509-c7c7dbdcd174,Voltfang GmbH,24155703935,DE,‍+49,[],https://voltfang.de,,[],,,,,{},,,,,,,,,false
b2bccd48-6f79-4a82-bb46-531fb367754b,Ogaenics,40696327960,DE,‍+49,[],https://ogaenics.com/de,,[],,,ECOM,,{},,,,,,,,,false
de6538c1-1d45-401f-8928-ebdbb3f1671c,Geiger Gruppe,71429380,DE,‍+49,[],https://geiger.de,,[],,,,,{},,,,,,,,,false
eec66c80-42fc-475f-aa48-78a9d108ec1f,Stuco Metall,6562610,DE,‍+49,[],https://stuco.de,,[],,,,,{},,,,,,,,,false
169e7508-b335-4362-94a0-9a2633af8f25,GEMMACON GmbH,7112524630,DE,‍+49,[],https://gemmacon.com,,[],,,,,{},,,,,,,,,false
5d997fe2-b74b-4dde-a40b-2b9fe3059a30,COSMETIC SERVICE GMBH,082129750339,,‍+1,[],https://cosmetic.de,,[],,,ECOM,,{},,,,,,,,,false
e2c3d2de-d5f9-4474-ade3-22b64115f86c,partworks GmbH,52512846272,DE,‍+49,[],https://partworks.de,,[],,,ECOM,,{},,,,,,,,,false
f924c8c3-c8a5-4594-baf8-7018e4a051b3,Mafi Transport-Systeme GmbH,93418990,DE,‍+49,[],https://mafi.de,,[],,,,,{},,,,,,,,,false
91d1223c-0188-42d5-94ce-774bf22011b6,,,,,[],,,[],,,,,{},,,,,,,,,false
c2e04954-b1ab-4763-a2e5-508a9191ef1d,,,,,[],,,[],,,,,{},,,,,,,,,false
3a556b87-bb8d-404d-80a7-85d09feb0567,,,,,[],,,[],,,,,{},,,,,,,,,false
25bbac72-e4dc-4ff6-89a0-69cd5aeb3d4e,,,,,[],,,[],,,,,{},,,,,,,,,false
00eb972f-8c04-4d85-9785-27e014c1b2e2,Ogaenics,40696327960,,‍+49,[],,,[],Leifer,Neu – offen,E,info@ogaenics.com,{},,,,,,,,,false
15f5bc38-038b-47bf-9fee-77672f6cc042,Klinikum Kassel GmbH,5619800,,‍+49,[],,,[],Knapp,Neu – offen,E,info@klinikum-kassel.de,{},,,,,,,,,false
3dc7701c-ebb5-4873-9b3b-249642873f00,BayWa,89218100,,‍+49,[],,,[],Bösl,Neu – offen,E,service@baywa.de,{},,,,,,,,,false
9e93371e-c127-42bf-b7ca-f695a65cf85d,KOS KLIMA Anlagenbau Projektierung und Service GmbH,6201178750,,‍+49,[],,,[],Kos,Neu – offen,C,info@kos-klima.de,{},,,,,,,,,false
cc9f9cfd-6476-4a55-b888-1f3483013ebc,Dana Incorporated,73179840,,‍+49,[],,,[],Petz,Neu – offen,E,info@dana.com,{},,,,,,,,,false
041e8487-637f-4b65-ba03-24144b92d33a,Brenntag,20438700,,‍+49,[],,,[],Tessarolo,Neu – offen,E,info@brenntag.de,{},,,,,,,,,false
33570ff7-8b6c-469e-a207-b25e6f843163,Gruma Nutzfahrzeuge GmbH,82190500,,‍+49,[],,,[],Brandmair,Neu – offen,E,info@gruma.de,{},,,,,,,,,false
54fdb5cb-8757-4c1e-abb2-a8e369c0f15b,dieseo GmbH,402093101,,‍+49,[],,,[],Drude,Neu – offen,E,hello@dieseo.de,{},,,,,,,,,false
713ea60d-be71-4f58-b510-c8f76e4dae89,Saint-Gobain,36926870,,‍+49,[],,,[],Köppler,Neu – offen,E,de.info@saint-gobain.com,{},,,,,,,,,false
8385ae5e-494b-45c3-8437-7ce758345283,KLA,64719100,,‍+49,[],,,[],Trafas,Neu – offen,E,info@kla.com,{},,,,,,,,,false
8ef5e6d4-92d5-40df-9b20-c968c69846e5,KB Container GmbH,9552930950,,‍+49,[],,,[],Bayer,Neu – offen,E,info@kb-container.de,{},,,,,,,,,false
a550e52c-074c-433a-80b1-68c3c3fbc65c,Schweng GmbH,6033927980,,‍+49,[],,,[],Schweng,Neu – offen,E,info@schweng.eu,{},,,,,,,,,false
d5a792f7-0a49-460f-a0b4-67bc426ba958,Geiger Gruppe,7117709000,,‍+49,[],,,[],Geiger,Neu – offen,E,info@geiger.cc,{},,,,,,,,,false
e5f6e260-16ef-4378-aebd-1ef49896e257,Rheinmetall,21147301,,‍+49,[],,,[],Papperger,Neu – offen,E,info@rheinmetall.com,{},,,,,,,,,false
f53ffa27-7dec-4a74-adb5-efd5c2818a8b,Sulzer,72517600,,‍+49,[],,,[],Brändle,Neu – offen,E,info@sulzer.com,{},,,,,,,,,false
f7c3c039-90cc-4ca6-8e71-e050deb614a9,Voltfang GmbH,24155703935,,‍+49,[],,,[],Wulff,Neu – offen,C,hello@voltfang.de,{},,,,,,,,,false
07291d1f-7f3d-4855-b2fa-051fbb6568a5,Production Resource Group,40782900,,‍+49,[],,,[],Ford,Neu – offen,E,info.de@prg.com,{},,,,,,,,,false
1271fd42-ab22-4fc8-8643-3f77eb09b0f9,Muhr und Bender KG,27726200,,‍+49,[],,,[],Bender,Neu – offen,E,info@mubea.com,{},,,,,,,,,false
3bb7ceaa-0168-4f66-827b-21e11c3497a3,NKT,2219536000,,‍+49,[],,,[],Brüning,Neu – offen,C,info@nkt.com,{},,,,,,,,,false
3dbffa0a-6411-47a3-8d21-17b822b396b0,GEMMACON GmbH,71513000,,‍+49,[],,,[],Simon,Neu – offen,E,info@gemmacon.de,{},,,,,,,,,false
bc6ee52b-b9f4-4eee-b93a-2fc2d2a37c8d,WOLFFKRAN International AG,35463810,,‍+49,[],,,[],Haller,Neu – offen,E,info@wolffkran.com,{},,,,,,,,,false
bff014e5-855b-449c-b048-fd8a72403825,Minimax GmbH,4531512000,,‍+49,[],,,[],Schwering,Neu – offen,E,info@minimax.de,{},,,,,,,,,false
e900d656-49d9-4daf-bd6c-ddbb89f34d87,Bertrandt,73159470,,‍+49,[],,,[],Söhnlein,Neu – offen,E,info@bertrandt.com,{},,,,,,,,,false
ed56d04c-f83c-42ca-b298-954dd98386d7,Melitta Group,57186104,,‍+49,[],,,[],Bentz,Neu – offen,E,info@melitta.de,{},,,,,,,,,false
3f4bc202-59ce-434a-877d-94ad971e83da,TEICON Engineering GmbH,43120092200,,‍+49,[],,,[],Bergemann,Neu – offen,C,info@teicon.de,{},,,,,,,,,false
7f864251-8aa2-4446-b019-90015c9df915,COSMETIC SERVICE GMBH,60718986380,,‍+49,[],,,[],Jansen,Neu – offen,D,info@cosmetic-service.de,{},,,,,,,,,false
dbaae005-19a9-48f7-9a2a-4dcb6b09db01,MUBEA,27726200,,‍+49,[],,,[],Bender,Neu – offen,E,info@mubea.com,{},,,,,,,,,false
39923e71-d49d-45bb-8979-52525f6d3b0b,Kreuznacher Zentralwäscherei GmbH & Co. Mietwäsche KG,6712965800,,‍+49,[],,,[],Schneider,Neu – offen,E,info@zentralwaescherei-kh.de,{},,,,,,,,,false
a15c67c5-13ec-4e88-b739-057ccc95d347,ZMT Automotive GmbH & Co. KG,96141770,,‍+49,[],,,[],Müller,Neu – offen,B,info@zmt-automotive.de,{},,,,,,,,,false
e9156cea-ceaf-4074-be77-0587cf77faee,MULTIVAC Group,93038400,,‍+49,[],,,[],Schubert,Neu – offen,E,info@multivac.com,{},,,,,,,,,false
712a412b-c909-4f4a-8287-99f366f1faac,Ostseestaal GmbH & Co.KG,38312005200,,‍+49,[],,,[],Gebhardt,Neu – offen,E,info@ostseestaal.de,{},,,,,,,,,false
ad133fb3-dc35-4113-924f-9c68e8e74328,partworks GmbH,52512846272,,‍+49,[],,,[],Schmidt,Neu – offen,E,info@partworks.de,{},,,,,,,,,false
e80447d7-5a5a-4af8-966f-16cf008e378d,Keysight Technologies,7031464000,,‍+49,[],,,[],Nersesian,Neu – offen,C,info@keysight.com,{},,,,,,,,,false
05dd7256-8617-46e0-9d2a-c868ae0be39d,Krebs & Aulich GmbH,3943640050,,‍+49,[],,,[],Aulich,Neu – offen,B,info@krebs-aulich.de,{},,,,,,,,,false
923bf1fe-ff15-4055-9e57-3d7904683642,Mafi Transport-Systeme GmbH,93419209130,,‍+49,[],,,[],Höflinger,Neu – offen,E,info@mafi.de,{},,,,,,,,,false
32cd5204-443e-4ee1-92e1-c158b166ebe1,Connect Perso,20665103779,,‍+49,[],,,[],Dürr,Neu – offen,E,info@connectperso.com,{},,,,,,,,,false
42ac6e9b-988d-4b37-9641-df0b148265ca,,93038400,,‍+49,[],,,[],,Neu – offen,,,{},,,,,,,,,false
"fd13f3ca-7de5-4c8a-b5cc-229d04e6beb7,ILT,,,,[],,,[],,,,,""{""""0"""":""""DARIO""""}"",telefoniert und email mit calendly link geschickt,,,,,,,,false"
b1ca3065-7374-4d74-953f-e7829b4966d7,Tebit,,,,[],,,[],,,,,{},,,,,,,,,false
3d6821cb-d2ef-46b2-988a-7041156780b8,Scansonic,,,,[],,,[],,,,,{},,,,,,,,,false
"b17f190d-8858-4467-bd90-ac7954b12de7,Grohe,,,,[],,,[],,,,,""{""""0"""":""""DARIO""""}"",telefoniert und email mit calendly link geschickt,,,,,,,,false"
5e81df99-7884-4f34-91fc-4f5b5e80442c,Schimmel,,,,[],,,[],,,,,{},,,,,,,,,false
"a6b102d0-5368-43db-aaa9-7ee8ca24c7ea,JW Froelich,,,,[],,,[],,,,,""{""""0"""":""""DARIO""""}"",email geschrieben,,,,,,,,false"
1cd986ad-250d-4bb6-931e-f0399b608383,Sauter,,,,[],,,[],,,,,{},,,,,,,,,false
da97dcfc-4cad-49e5-b4fe-70a95d926919,Hoedtke GmbH,,,,[],,,[],,,,,{},,,,,,,,,false
"4dcd557b-abb1-48eb-ad55-7d26910bf832,Schaal,,,,[],,,[],,,,,""{""""0"""":""""DARIO""""}"",email geschrieben,,,,,,,,false"
"e79b4f3c-967c-4305-888b-5b4f68379159,Sascha Schieber,,,,[],,,[],,,,,""{""""0"""":""""DARIO""""}"",telefoniert und email mit calendly link geschickt,,,,,,,,false"
"60f76ece-b922-444a-80d1-055689340a6b,Braun,,,,[],,,[],,,,,""{""""0"""":""""DARIO""""}"",telefoniert und email mit calendly link geschickt,,,,,,,,false"
"15421f0a-a5f6-4d56-b34c-1259c1d38609,MS Xtec,,,,[],,,[],,,,,""{""""0"""":""""DARIO""""}"",email geschrieben,,,,,,,,false"
2b11a529-0731-400f-893d-9b9a5dc50ea8,,,,,[],,,[],,,,,{},,,,,,,,,false
"cb9e23c3-fbcd-4bcb-8d4c-e1f00c4d9ca5,Inductoheat,,,,[],,,[],,,,,""{""""0"""":""""DARIO""""}"",telefoniert und email mit calendly link geschickt,,,,,,,,false"
"be7c07c9-b79b-4897-b140-3cecd946ac97,ceramaret,,,,[],,,[],,,,,""{""""0"""":""""DARIO""""}"",telefoniert und email mit calendly link geschickt,,,,,,,,false"
d4b3be93-80fd-48e7-abe9-fc9b92e57a6d,,,,,[],,,[],,,,,{},,,,,,,,,false
45ee6278-0294-45f1-8f68-0ef167803fbb,Ceramet,,,,[],,,[],,,,,{},,,,,,,,,false
c40fdf33-4a33-4f3a-97fb-530b19f99ccb,Tecalum,,,,[],,,[],,,,,{},,,,,,,,,false
"2d5a390d-8d43-4365-8006-2f008dfbd28b,Zetec,7426529820,DE,‍+49,[],,,[],,,,patric.hell@zetec.de,""{""""0"""":""""DARIO""""}"",""Mit der Sekretärin geredet, war zu dem Zeitpunkt in einer Besprechung meinte ich soll mich per Email melden bei Ihm"",,,""Rufe Ihn am 15.06 nochmal an,  Email aber auch geschickt"",,,,,false"
e12c9562-e4fc-4882-8ecd-01b252ea6848,Zetec,,,,[],,,[],,,,,{},,,,,,,,,false
35d55a3f-dfb3-4714-8b1e-806e582303a8,,,,,[],,,[],,,,,{},,,,,,,,,false
1679ddba-4ede-4126-940e-dcec10ae19fa,Emuge,,,,[],,,[],,,,,{},,,,,,,,,false
1b89c596-d841-4af7-9ee2-e42659b2f024,,,,,[],,,[],,,,,{},,,,,,,,,false
d4fcc4a6-03af-4260-a1c9-386645918541,,,,,[],,,[],,,,,{},,,,,,,,,false
345e7f4c-1295-4688-abce-7d10c6a7d31d,,,,,[],,,[],,,,,{},,,,,,,,,false
aa378fa5-569a-4ddf-bb27-7f565dc526ca,,,,,[],,,[],,,,,{},,,,,,,,,false
de33b8ce-daf8-443b-bec4-fc6d9b083390,,,,,[],,,[],,,,,{},,,,,,,,,false
ab8e09b3-ee08-42e9-8786-734a4c4a47db,,,,,[],,,[],,,,,{},,,,,,,,,false
"978423b0-7195-473d-a541-5e3b6d275d54,,,,,[],,,[],,,,,""{""""0"""":""""MIKLAS""""}"",,,,,,,,,false"
f0d9a974-e044-41db-b71a-fb9084643250,,,,,[],,,[],,,,,{},Anrufen am 12.06,,2026-06-12,,,,,,false
fe5e753e-b4b5-427a-915d-73c79a8119b3,,,,,[],,,[],,,,,{},,,,,,,,,false
20878cb2-0f71-407c-b438-bcf615042d6b,Polytec,,,,[],,,[],,,,,{},,,,,,,,,false
9bbd1c29-ac7e-47ad-81b9-7cbfb3cc6fcb,Alutec,,,,[],,,[],,,,,{},,,,,,,,,false
8ab0694e-ed55-45f2-b020-959e976a8e62,MFL,,,,[],,,[],,,,,{},,,,,,,,,false
b32f76a2-40b7-461d-92a8-555d0ef3b7b2,Casteon,,,,[],,,[],,,,,{},,,,,,,,,false
0554d707-077e-4bba-8d00-200fd6570e8d,Höhn,,,,[],,,[],,,,,{},,,,,,,,,false
9576d499-11c8-4f4b-9818-71c1e32b3aa8,Trönkle,,,,[],,,[],,,,,{},,,,,,,,,false
8aac82b7-e236-4fcc-a5a0-5e5295fc409e,Wafi,,,,[],,,[],,,,,{},,,,,,,,,false
cf2e5421-56f5-4b5f-8f74-55e67c271b44,Oliver Meyer,,,,[],,,[],,,,,{},,,,,,,,,false
8555351f-3336-4e4e-b8be-81e240bc10bc,Stüken,,,,[],,,[],,,,,{},,,,,,,,,false
44d105f2-08e3-4dfc-91a9-3851e80e6ab0,Bender,,,,[],,,[],,,,,{},,,,,,,,,false
22d79668-de5e-4e86-8769-6a69f0d31883,TopDown,,,,[],,,[],,,,,{},,,,,,,,,false
7d04156a-3c0e-42b8-9488-1ac36e8db96e,Sarissa,,,,[],,,[],,,,,{},,,,,,,,,false
cc278846-f3ca-41b7-bc32-e7ea24869c06,TPG (The Packaging Group),,,,[],,,[],,,,,{},,,,,,,,,false
8e43e837-34b4-4681-a345-7db4c66ff24e,ednin,,,,[],,,[],,,,,{},,,,,,,,,false
a2af169c-b12d-469e-86d7-08efde7c2e7d,NanoSaar,,,,[],,,[],,,,,{},,,,,,,,,false
02422fe0-f667-4966-a5ef-9455e94b61bb,,,,,[],,,[],,,,,{},,,,,,,,,false
fc6e7870-d91f-47a6-982f-74288e31d6c5,Jochum Group,,,,[],,,[],,,,,{},,,,,,,,,false
b54771ac-8f20-4e67-a6f9-c9a5102cb5af,,,,,[],,,[],,,,,{},,,,,,,,,false
fea3744a-7d26-4395-a6f5-4b3e0b86f0d8,Vertraulich,,,,[],,,[],,,,,{},,,,,,,,,false
2a9ec6a1-8915-4d51-a7f3-34c88050ab33,PEAG Transfer GmbH,,,,[],,,[],,,,,{},,,,,,,,,false
e3fa1948-a98a-4024-af36-e50d6eddc65f,FAIST Anlagenbau GmbH,,,,[],,,[],,,,,{},,,,,,,,,false
c91bb7a9-0ad3-4170-b316-25f27bebf896,FST Industrie GmbH,,,,[],,,[],,,,,{},,,,,,,,,false
"0941750d-cbcb-4983-b02d-caca1e6e5c1f,HG Metalltechnik Krumbach GmbH,8282894980,,‍+49,[],https://hgmtk.de,,[],Goldenstein,Geschlossen,E,,""{""""0"""":""""MIKLAS""""}"",❌ Schwägerin am Telefon ->Y sofort abgwehrt,,,,,,,,false"
"363f8b42-e097-4571-88e4-992da30b396d,Metallbau Adolf Happ & Sohn GmbH,611405363,,‍+49,[],https://happ-metallbau.de,,[],Happ,Geschlossen,E,,""{""""0"""":""""MIKLAS""""}"",❌ Herr Happ lehtne kategorisch ab,,,,,,,,false"
"376053b6-4024-4900-93b1-812f047cfd9d,Lieblmetall GmbH,943890091,,‍+49,[],https://lieblmetall.de,,[],Liebl,Geschlossen,E,,""{""""0"""":""""MIKLAS""""}"",❌ 02.07.26 9:57 Uhr -> kein interesse,,,,,,,,false"
"484ef0c6-1a21-4c99-bc8b-75ddc6440d07,RB-Stahl GmbH,29213210825,,‍+49,[],https://rb-stahl.de,,[],Matrangolo,Geschlossen,E,,""{""""0"""":""""MIKLAS""""}"",❌ 02.07.26 10:00 Uhr + 15:48 Uhr + 03.07 Sprachnachricht hinterlassen,,,,,,,,false"
"637a2590-257d-42b9-aa66-20b0e833211e,ABP – Innovative Blechbearbeitung GmbH,392256330,,‍+49,[],https://abp-blech.de,,[],Drira,Geschlossen,E,,""{""""0"""":""""MIKLAS""""}"",❌02.07.2026 10:02 Uhr + 15:49 Uhr -> Nummer geht nicht,,,,,,,,false"
"95aba7b3-535e-4861-b049-cccefe17c498,Schwalbe Metallbau GmbH,376013910,,‍+49,[],https://schwalbe-metallbau.com,,[],Weise,Geschlossen,E,,""{""""0"""":""""MIKLAS""""}"",❌,,,,,,,,false"
"95f12730-677f-44c7-a309-88d6ec6d5417,ST GmbH,60323077257,,‍+49,[],https://st-gmbh.com,,[],Schulte,Neu – offen,B,,""{""""0"""":""""LARS""""}"",,,,,,,,,true"
"9f792303-873d-4e9d-ae04-47d784f0a1ee,Schrauben-Heidig Produktions GmbH,3583517970,,‍+49,[],https://produktion-heidig.de,,[],Heidig,Neu – offen,B,,""{""""0"""":""""LARS""""}"",""❌ kein Interesse am Thema, GF nicht erreichbar"",,,,,,,,false"
"a2aa8da1-cfdb-4885-b1cb-f6e754610110,NRW Stahlbau Maschinen und Anlagenbau GmbH,23129299206,,‍+49,[],https://nrw-stahlbau.de,,[],Thiel,Geschlossen,E,,""{""""0"""":""""MIKLAS""""}"",❌ 02.07.2026 10:26 Uhr + 15:52 Uhr + 03.07. Sprachnachricht hinterlassen,,,,,,,,false"
"c655fbad-9988-40f1-bff5-f3bfd550d5c9,Schäuble Schlosserei Stahl- & Metallbau GmbH,7472988680,,‍+49,[],https://metallbau-schaeuble.de,,[],Schäuble,Geschlossen,E,,""{""""0"""":""""MIKLAS""""}"",❌ kein Interesse,,,,,,,,false"
"d0157ec9-ed31-47ee-a013-c08d00320c74,Ruhland Schlosserei + Stahlbau GmbH,712172704,,‍+49,[],https://schlosserei-ruhland.de,,[],Heubach,Email verschickt,E,,""{""""0"""":""""MIKLAS""""}"",Abends anrufen ab 17:00 Uhr,,,,,,,,false"
"f2023630-d203-4b7f-8e59-6f39af0a3967,Frank und Alois Litim GmbH & Co. KG,202478530,,‍+49,[],https://litim.net,,[],Litim,Neu – offen,B,,""{""""0"""":""""LARS""""}"",EK: „Fr. Kamabea,,2026-07-14,,,,,,false"
"f6a49f5e-a37b-4689-8a7b-c3c18b11b5ab,Klaus Fehrenbach GmbH,77224139,,‍+49,[],https://fehrenbach-klaus.de,,[],Fehrenbach,Neu – offen,B,,""{""""0"""":""""LARS""""}"",Aktuell auf Kundentour,,2026-07-20,,,,,,false"
"145c47a3-4e24-499f-91cc-101ea946513a,Euler Feinmechanik GmbH,644561230,,‍+49,[],https://euler-feinmechanik.de,,[],Euler,Neu – offen,B,,""{""""0"""":""""LARS""""}"",""16.06 kein Interesse, keine Zeit (nicht viele Lieferanten) evtl. Stücklistenagent für nächsten Anruf"",,,,,,,,false"
"14b2418b-c6bb-4895-a107-c3661eec22ee,MDX Zerspanungstechnik GmbH,261963892680,,‍+49,[],https://mdx-cnc.de,,[],Müller,Neu – offen,B,,""{""""0"""":""""LARS""""}"",❌ 2 Mann Betrieb,,,,,,,,false"
3832b851-f2be-4ab5-9790-f5481c5dff71,Formenbau Staiger GmbH,772594030,,‍+49,[],https://formenbaustaiger.de,,[],Staiger,Neu – offen,A,,{},,,,,,,,,false
"3fdc0e0d-8a0e-4c9e-8504-5c32c46faff1,Tool Partner Germany GmbH (Hummel Präzision),772391870,,‍+49,[],https://hummel-praezision.de,,[],Adam,Neu – offen,B,,""{""""0"""":""""LARS""""}"",24.06 weggedrückt bei Einwandbehandlung „Infos schicken“,,,,,,,,false"
"4b801088-d593-49c0-bf34-3804e7c9a45c,MAB GmbH,96160001003,DE,‍+49,[],https://mab-fertigung.de,,[],Bauer,Neu – offen,B,,""{""""0"""":""""LARS""""}"",,,,,,,,,false"
"58a20671-8dac-4164-8e20-65a16c32a715,Eirenschmalz Maschinenbaumechanik und Metallbau GmbH,886818000,,‍+49,[],https://eirenschmalz.de,,[],,6 Monaten,E,,""{""""0"""":""""MIKLAS""""}"",❌ bereits ki lösungen + kein bedarf in leiferkette und beschaffungs-> in 6 mionaten anrufen,,,,,,,,false"
"5950fb92-46bf-413a-808f-4062c60cd602,Ernst Bartsch GmbH,421824020,,‍+49,[],https://bartsch-stahlbau.de,,[],Bartsch,Geschlossen,E,,""{""""0"""":""""MIKLAS""""}"",❌,,,,,,,,false"
"5bbc356e-a062-45e5-be5b-777f5e259e5f,Jackel-Technik GmbH,695481490,,‍+49,[],https://jackel-technik.de,,[],Jackel,Neu – offen,B,,""{""""0"""":""""LARS""""}"",,,,,,,,,false"
"6ae88f9e-899d-4c19-9c63-30b59b511c8e,Thier GmbH,7084931200,,‍+49,[],https://thier-gmbh.com,,[],Thier,Neu – offen,A,,""{""""0"""":""""SEBASTIAN""""}"",nächstes Jahr anrufen,2026-07-01T09:35:37.000Z,,,,,,,false"
"6c0add85-7fe3-43b1-973a-684ad039d708,Erich Mächler GmbH,722598860,,‍+49,[],https://maechler-stahlbau.de,,[],Mächler,Neu – offen,E,,""{""""0"""":""""LARS""""}"",,,,,,,,,false"
"706736c5-d355-4ec9-b6f1-0ed7dab0e1a2,BVS Blechtechnik GmbH,703171640,,‍+49,[],https://bvs-blechtechnik.de,,[],Steiner,Rückruf,E,,""{""""0"""":""""MIKLAS""""}"",14.07. Steiner: +497031716431 ab 15:15 Uhr,,,,,,,,false"
"75fd4cb2-dd19-4f86-b193-df652a869f6d,Schlecht GmbH,9481580,,‍+49,[],https://schlecht-metall.de,,[],Lanzinger,Neu – offen,B,,""{""""0"""":""""LARS""""}"",,,,,,,,,false"
"773e943f-688f-4f65-aaff-8fadb3b35bc6,Strobel CNC-Fertigungs-GmbH,60274096880,,‍+49,[],https://strobel-cnc.de,,[],Rußmann,Neu – offen,B,,""{""""0"""":""""LARS""""}"",❌ funktionierendes System,,,,,,,,false"
"86dcb91e-58aa-448b-b164-f800196dd88f,SCHEUERMANN + HEILIG GmbH,62819070,,‍+49,[],https://sh-gmbh.de,,[],Scheuermann,Neu – offen,A,,""{""""0"""":""""SEBASTIAN"""",""""1"""":""""DARIO""""}"",""benjamin.kugel@sh-gmbh.de, 06281907132"",2026-07-01T09:43:19.000Z,,,,,,,false"
"8d1dc28c-1a7f-4fbd-a783-1e5d5ff5a853,KIWI CNC-Technik GmbH,5371945410,,‍+49,[],https://kiwi-cnc.de,,[],Schiller,Neu – offen,B,,""{""""0"""":""""LARS""""}"",gut gegen 10h zu erreichen,,,,,,,,false"
"90eb257d-4aba-4009-bde8-78711bb3463b,Stöckl-Schmaus GmbH,87821666,,‍+49,[],https://stoeckl-schmaus.com,,[],Schmaus,Neu – offen,A,,""{""""0"""":""""DARIO""""}"",,,,,,,,,false"
"a2c10e83-230e-4b72-882d-65561cadf725,Laser Produktions- und Technologiegesellschaft mbH,29372888,,‍+49,[],https://laserschneiden.biz,,[],,Geschlossen,E,,""{""""0"""":""""MIKLAS""""}"",❌ kein Bedarf,,,,,,,,false"
"bb9a8d30-a9d2-4993-8d53-0574e5ac6662,Weber CNC-Zerspanung GmbH & Co. KG,6633643750,,‍+49,[],https://weber-zerspanung.de,,[],Weber,Neu – offen,B,,""{""""0"""":""""LARS""""}"",Ab 8h,,2026-07-07,,,,,,false"
"c0cfb6bb-9883-4e2c-86d3-28be94a0cd0d,Metallbearbeitung Klich (Inh. Eduard Klich),52029179088,,‍+49,[],https://mb-klich.de,,[],Klich,Neu – offen,B,,""{""""0"""":""""LARS""""}"",,,,,,,,,false"
"c974b274-88da-4148-b739-3487ee3bcc23,IMK GmbH,85589745660,,‍+49,[],https://imk-maschinenbau.de,,[],Biebl,Rückruf,E,,""{""""0"""":""""MIKLAS""""}"",✅ 16.07.26 generelles Meeting bzgl. KI in der Metallverarbeitung,,,,,,,,false"
"cecd485a-429c-4b7b-a6b3-c8f57c7a419f,Metallbau Schmees GmbH,595392550,,‍+49,[],https://metallbau-schmees.de,,[],Schmees,Neu – offen,E,,""{""""0"""":""""LARS""""}"",""E-Mail gesendet, ab 10h gut zu erreichen"",,,,,,,,false"
"d56c479b-b696-4918-b20e-5ced00c68744,GMM mbH,2244878750,,‍+49,[],https://gmm-mbh.de,,[],Vester,Neu – offen,B,,""{""""0"""":""""LARS""""}"",❌ Insolvenzverfahren,,,,,,,,false"
"def8b31b-9e76-4e38-b70d-e0e633c78c80,Laser Bearbeitungs- und Beratungszentrum NRW GmbH,2451911170,,‍+49,[],https://lbbz.de,,[],Berners,Insolvent,E,,""{""""0"""":""""MIKLAS""""}"",❌,,,,,,,,false"
"e18629e9-7bb9-46f9-bf66-2e1c5400359a,EMS Straufhain GmbH,36875682011,DE,‍+49,[],https://ems-straufhain.de,,[],Peggy Schmidt,Neu – offen,B,,""{""""0"""":""""LARS""""}"",❌ Einkauf nur 30 Min am Tag,,,,,,,,false"
"e23c50c1-0ff5-4bbe-9cf7-24fbd1fb105c,Kurt und Gerd Schmidt GmbH,277251529,,‍+49,[],https://schmidt-blechverarbeitung.de,,[],Schmidt,Rückruf,E,,""{""""0"""":""""MIKLAS""""}"",14.07. ab 06:00 Rückruf-> Frau Zöllner und Frau Kunz haben gesagt ich solle mit dem Herrn Schmidt sprechen,,,,,,,,false"
"fc0de29a-bb24-4b53-8d48-786f7b6ff658,Klaus Malsy Blechbearbeitung GmbH,618295680,,‍+49,[],https://km-blechbearbeitung.de,,[],Malsy,Rückruf,E,,""{""""0"""":""""MIKLAS""""}"",ab 27.07. anrufen -> Herr Seib und frau Mirbach haben gesagt ich solle mit dem Herrn Malsy sprechen,,2026-07-27,,,,,,false"
"fc5532a1-5d12-4cb2-829c-9817bc9d3bfa,Weiher GmbH Metallverarbeitung,219150806,,‍+49,[],https://metallverarbeitung-nrw.de,,[],Weiher,Neu – offen,B,,""{""""0"""":""""LARS""""}"",,,,,,,,,false"
"b5f115e3-8656-4435-9180-0cf6d9b890c5,BGS-Präzisionstechnik GmbH,1724546173,,‍+49,[],https://bgs-praezisionstechnik.de,,[],Grommes,Neu – offen,B,,""{""""0"""":""""LARS""""}"",""❌ kleiner Betrieb, kein Interesse an Automatisierung"",,,,,,,,false"
"78e99503-c933-4871-b291-6db8fdb63a44,BRAND Werkzeug- und Maschinenbau GmbH,3729239820,,‍+49,[],https://brand-werkzeugbau.de,,[],Brand,Neu – offen,A,,""{""""0"""":""""DARIO""""}"",,,,,,,,,false"
"cbb0a6bc-2db3-469c-bba7-a92b1191e768,Krauß Formenbau GmbH,712110970,,‍+49,[],https://krauss-formenbau.de,,[],Riester,Neu – offen,A,,""{""""0"""":""""DARIO""""}"",,,,,,,,,false"
"76bb2b4f-788b-4db7-bf87-91e9d5902d66,Saritec Werkzeugbau GmbH,23516638820,,‍+49,[],https://saritec.de,,[],Sarikaya,Neu – offen,A,,""{""""0"""":""""DARIO""""}"",,,,,,,,,false"
"94fa0017-8a69-43a8-add8-968aef98b811,Kalmbach GmbH,205128680,,‍+49,[],https://kalmbach.de,,[],Teufel,Neu – offen,A,,""{""""0"""":""""LARS""""}"",ab 8 erreichbar,,,,,,,,false"
"c46a49b0-6c48-4edf-8379-1cef24dca9b9,Stefan PFAFF Werkzeug- und Formenbau GmbH & Co. KG,838482000,,‍+49,[],https://pfaff-mold.de,,[],Hummel,Neu – offen,A,,""{""""0"""":""""DARIO""""}"",,,,,,,,,false"
"f85bf398-6da5-4fec-a2cd-099bd55b31e7,WIRO Präzisions-Werkzeugbau GmbH,27613003,,‍+49,[],https://wiro.com,,[],Rohlje,Neu – offen,A,,""{""""0"""":""""DARIO""""}"",,,,,,,,,false"
"20fa1c77-669a-44a7-a704-8ef1131c7af6,Gebr. Richter Werkzeugbau GmbH & Co. KG,377462023,,‍+49,[],https://richter-wzb.de,,[],Richter,Geschlossen,A,,""{""""0"""":""""MIKLAS""""}"",❌ Kein Bedarf,,,,,,,,false"
"6a4a8af1-ae83-4904-a726-86b80d75b9ed,Scheiba GmbH,2024298880,,‍+49,[],https://scheiba-gmbh.de,,[],Schoger,Neu – offen,A,,""{""""0"""":""""LARS""""}"",,,,,,,,,false"
"c6893bf0-1e2a-4463-beb2-426db0ad35ef,Pfister Fertigungstechnik,74749173193,,‍+49,[],https://pfister-fertigungstechnik.de,,[],Pfister,Neu – offen,B,,""{""""0"""":""""LARS""""}"",❌ Kein Bedarf (Einkauf 5min am Tag),,,,,,,,false"
"4a6b79a4-4e3b-4ad1-ba03-c4fcd1963f8d,Klafky GmbH & Co. KG,772083490,,‍+49,[],https://klafky.de,,[],Klafky,Neu – offen,A,,""{""""0"""":""""LARS""""}"",,,,,,,,,false"
"eab593ec-45b2-497e-8eb5-f18af57c05ae,Formenbau KRUG GmbH,64659268500,DE,‍+49,[],https://krug-breidenbach.de,,[],Krug,Neu – offen,A,,""{""""0"""":""""LARS""""}"",❌ KI schon im Einsatz,,,,,,,,false"
"05b605c4-0a59-47c6-81d5-960b306fdce2,Dr. Karl Gert Fischer GmbH & Co. KG,220497510,,‍+49,[],https://fischer-kunststofftechnik.de,,[],Fischer,Neu – offen,D,,""{""""0"""":""""LARS""""}"",E-Mail gesendet,,,,,,,,false"
"1f742b24-4ac2-4551-9559-355b7ef1cdb6,Ernst Hombach GmbH & Co. KG,916399830,,‍+49,[],https://hombach-kunststofftechnik.de,,[],Tobolla,Neu – offen,D,,""{""""0"""":""""LARS""""}"",E-Mail gesendet,,,,,,,,false"
"3dd90ff1-ae63-4a48-a8d5-5dbc5bb4f31d,Bredemeyer Steuerungs- und Schaltanlagen GmbH,57156033,,‍+49,[],https://schaltschrankbau-nrw.de,,[],Bredemeyer,Geschlossen,C,,""{""""0"""":""""MIKLAS""""}"",❌ Kein Bedarf,,,,,,,,false"
"47e339e1-cd78-4d49-9046-1469861c40d3,IWS Richter GmbH,62586007,,‍+49,[],https://iws-richter.de,,[],Richter,Rückruf,C,,""{""""0"""":""""MIKLAS""""}"",ab 23.07. GF Richter (morgens) -> Frau Ahlers,,,,,,,,false"
"496a9d95-a855-4075-b625-29acdd63c53b,AST Automation GmbH,2027476860,,‍+49,[],https://ast.gmbh,,[],Kabilka,Rückruf,C,,""{""""0"""":""""MIKLAS""""}"",""13.07. Memo + 14,07. Büro nicht besetzt"",,,,,,,,false"
"6ebfcf2c-0e90-427a-aaf3-f9bea9a27c27,Hugo Stiehl GmbH Kunststoffverarbeitung,373447630,,‍+49,[],https://hugostiehl.de,,[],Viertel,Neu – offen,D,,""{""""0"""":""""LARS""""}"",E-Mail gesendet,,,,,,,,false"
"71f21591-6b29-409f-b90c-1d97f61a2d61,M. Seeber Kunststofftechnik GmbH,3670382710,,‍+49,[],https://seeberkunststofftechnik.de,,[],Seeber,Neu – offen,D,,""{""""0"""":""""LARS""""}"",""❌ läuft, kein Bedarf"",,,,,,,,false"
"7a44b4b3-9d40-4b0d-89ef-5c822937c005,Sperrer Industrieverpackungen GmbH,86547709770,,‍+49,[],https://sperrer-gmbh.de,,[],Kehrein,Neu – offen,D,,""{""""0"""":""""LARS""""}"",""Geschäftsreise, 29.06 wieder im Haus"",,2026-06-29,,,,,,false"
"7b0e0e99-f8e2-46df-9a81-ffb7ace2042d,Hesse Thermoformung GmbH,28379613016,DE,‍+49,[],https://hesse-thermoformung.de,,[],Heuer,Neu – offen,D,,""{""""0"""":""""LARS""""}"",Nochmal ab Freitag/Montag,,2026-07-03,,,,,,false"
"8ba42f3a-47fa-4746-af8b-ce4dc99b03c1,BÖHM Schaltanlagen GmbH,60419695950,,‍+49,[],https://boehm-schaltanlagen.de,,[],Böhm,Geschlossen,C,,""{""""0"""":""""MIKLAS""""}"",❌ abgebrochen?=,,,,,,,,false"
"9586819a-3bcd-42db-96f5-956d56bf39ca,Motzener Kunststoff- und Gummiverarbeitung GmbH,3376989445,DE,‍+49,[],https://motzener.de,,[],König,Neu – offen,D,,""{""""0"""":""""LARS""""}"",Nachmittags ab 15h gut zu erreichen,,,,,,,,false"
"9ff938b1-05b0-49c1-902a-8b378f625b63,GHD Präzisions-Formenbau GmbH & Co. KG,9828911220,,‍+49,[],https://ghd-formenbau.de,,[],Schuster,Neu – offen,A,,""{""""0"""":""""DARIO""""}"",,,,,,,,,false"
"afcfb5c6-29c8-4384-8b8f-1178138c0edf,KIRSCH Kunststofftechnik GmbH,7163165700,,‍+49,[],https://kirsch-kunststofftechnik.com,,[],Fr. Kirsch,Neu – offen,D,,""{""""0"""":""""LARS""""}"",Nachmittags,,,,,,,,false"
"b45b6df8-0397-4471-98ba-5f1bed20b0f3,Temo-Plast Spritzgussartikel GmbH,62066136,,‍+49,[],https://temoplast.de,,[],Montag,Geschlossen,D,,""{""""0"""":""""MIKLAS""""}"",❌ 13.07. Montag(andere nicht GF) hat aufgelegt,,,,,,,,false"
"be6cc875-86fa-48ba-8149-476efafdde89,FORMOTiON GmbH,27398757980,,‍+49,[],https://formotion-gmbh.de,,[],Krumm,Rückruf ab 27.07.26,D,,""{""""0"""":""""MIKLAS""""}"",""ab 27.07. / Herr kRumm sehr begeister Claude Max in planung m365 copilot in einsatz -> noch keine AI schulung, aber ab freitag im urlaub."

"Rückruf + Mail"",,,,,,,,false"
"f1d0ea1a-62ee-4546-89e5-4fbe60b0d0c4,Fleuren Elektro-Technik GmbH,282173200,,‍+49,[],https://fleuren.com,,[],Fleuren,Rückruf,C,,""{""""0"""":""""MIKLAS""""}"",ab 15.07. vromittags Herr Fleuren (mit Frau Heil gesprochen),,2026-07-14,,,,,,false"
"029c1d72-2702-46e2-aaa7-4773e4bb6d7f,Güku GmbH,8131332460,,‍+49,[],https://gueku.de,,[],Grain,Neu – offen,D,,""{""""0"""":""""LARS""""}"",E-Mail gesendet,,,,,,,,false"
"10b3bd81-3c84-4762-a9bf-d857bd746e1c,Industrieanlagenbau Stolpp GmbH,7118873940,,‍+49,[],https://stolpp.com,,[],Kleinhansl,Geschlossen,C,,""{""""0"""":""""MIKLAS""""}"",❌ kein Bedarf,,,,,,,,false"
"1f616fc7-e076-4086-96df-6bcd4d85dfdc,NOWUS Automatisierungstechnik GmbH,3915057590,,‍+49,[],https://nowus-gmbh.de,,[],Nossol,Rückruf,C,,""{""""0"""":""""MIKLAS""""}"",""immer Mittwochs GF "
"frau Kajil erreicht"",,2026-07-15,,,,,,false"
"3835d991-a8bf-4de2-9330-4a84efba0013,SBN Schaltanlagen Nord GmbH,4321990970,,‍+49,[],https://sbn-schaltanlagen.de,,[],Ickert,Geschlossen,C,,""{""""0"""":""""MIKLAS""""}"",❌ kein Bedarf,,,,,,,,false"
"4f6c8bfa-dd04-4030-9d03-bc9a197989ec,SSN Schaltschrank und Steuerungsbau Neubukow GmbH,3829478605,,‍+49,[],https://ssngmbh.de,,[],Kretschmann,Geschlossen,C,,""{""""0"""":""""MIKLAS""""}"",❌ kein Bedarf,,,,,,,,false"
"75592659-6d55-49cb-8686-083d1cf25b8c,Seidel Elektrotechnik GmbH,521131324,,‍+49,[],https://seidel-elektrotechnik.info,,[],Seidel,Geschlossen,C,,""{""""0"""":""""MIKLAS""""}"",❌ kein Bedarf,,,,,,,,false"
"9275cd4f-7509-41bd-8d29-ad68fb63121a,Brink Schaltanlagen GmbH & Co. KG,51164660460,,‍+49,[],https://brink-schaltanlagen.de,,[],Lichtblau,Geschlossen,C,,""{""""0"""":""""MIKLAS""""}"",❌ kein Bedarf,,,,,,,,false"
"9513f04a-54ad-4b89-93a1-74e7f2edb9cf,BUK Holding GmbH,7262609980,,‍+49,[],https://buk-group.de,,[],Gillen,Neu – offen,D,,""{""""0"""":""""LARS""""}"",E-Mail gesendet,,,,,,,,false"
"aa48cb70-b287-44d9-9a86-820eb62b8da8,HBS Steuerungstechnik GmbH,7151939400,,‍+49,[],https://hbs-steuerungstechnik.de,,[],Krauter,Rückruf,C,,""{""""0"""":""""MIKLAS""""}"",13.07.+14.07. nicht erreicht,,,,,,,,false"
"b187f218-4f89-4252-b46c-8d3397f81dd7,S + H Schaltanlagenbau GmbH,3078702077,,‍+49,[],https://sundhschaltanlagen.de,,[],Grajewski,Neu – offen,C,,""{""""0"""":""""MIKLAS""""}"",✅ 13.07. Tetzlaff Prokurist meeting am Montag 20.07. 15:00 Uhr,,,,,,,,false"
cce3232b-fb49-44b7-8312-fe645b0bf7b6,Merkel-Czeschner GmbH,7245805630,,‍+49,[],https://merkel-czeschner.de,,[],Weber,Neu – offen,D,,{},,,,,,,,,false
cf785124-a9e0-4548-a136-7575936dd2e5,Ematik GmbH,391727980,,‍+49,[],https://ematik.de,,[],Schröder,Neu – offen,C,,{},,,,,,,,,false
"d1d5372d-3afb-4e39-a49d-85b2e03b6207,Otto Zimmermann GmbH,681580070,,‍+49,[],https://zimmermann-sb.de,,[],Zimmermann,Neu – offen,C,,""{""""0"""":""""DARIO""""}"",""23.06 Einkaufsleiter im Urlaub kein Vertreter da, Anruf in 3 Wochen"",,2026-07-15,,,,,,false"
dc142338-78f5-4c12-aee1-e2f59689e8ec,hse Steuerungstechnik GmbH & Co. KG,522297690,,‍+49,[],https://hse-steuerung.de,,[],Özer,Neu – offen,C,,{},,,,,,,,,false
e84ce15a-9770-4567-bc7c-5ae593413944,elektrotechnik + automation Ulrich Brodbeck GmbH,712795830,,‍+49,[],https://elektrotechnik-automation.de,,[],Brodbeck,Neu – offen,C,,{},,,,,,,,,false
eb288ee6-1997-485a-8a45-fed77744ac22,SAV Schaltanlagen- und Verteilerbau GmbH,375598188,,‍+49,[],https://sav-gmbh.de,,[],Weber,Neu – offen,C,,{},,,,,,,,,false
"ed18cd37-73a1-4526-9fe4-a53c2e61f9d0,Zillmer Elektrotechnik GmbH,407137720,,‍+49,[],https://zillmer-elektrotechnik.de,,[],von Bodecker,Neu – offen,C,,""{""""0"""":""""SEBASTIAN""""}"",09.07 ist der EK wieder im Haus,,,,,,,,false"
"0a11659c-ff4b-4637-8fa1-b72fe215850f,Heros Anlagenautomatisierung GmbH,372965270,,‍+49,[],https://heros-gmbh.de,,[],Leis,Neu – offen,C,,""{""""0"""":""""DARIO""""}"",Niemanden erreicht,,,,,,,,false"
"1e444003-22ed-4826-b04d-e032186a1762,KREUTZER Schaltanlagen GmbH,33042058022,,‍+49,[],https://kreutzer-schaltanlagen.de,,[],Dreßler,Neu – offen,C,,""{""""0"""":""""DARIO""""}"",26.06 EK wieder da,,,,,,,,false"
"2f4417bd-862b-4479-9bbc-0f7820f23bcc,MDS Schaltanlagen GmbH,8137995480,,‍+49,[],https://mds-schaltanlagen.de,,[],Seemüller,Neu – offen,C,,""{""""0"""":""""DARIO""""}"",""m.schamarek@mds-schaltanlagen.de, Email vom EK, soll ihm eine Mail schreiben"",,,,,,,,false"
"3a5dda47-7517-4791-9ad0-ba5a96b3c58e,ELAS Elektroanlagenbau Eisenhüttenstadt GmbH,336440710,,‍+49,[],https://elas-ehst.de,,[],Lehmann,Neu – offen,C,,""{""""0"""":""""DARIO""""}"",Kein Bedarf,,,,,,,,false"
"4821b069-7aa1-4958-8518-4bb1425f6507,Schäftlmaier Elektro-Anlagen GmbH,863898270,,‍+49,[],https://schaeftlmaier-elektro.de,,[],Schäftlmaier,Neu – offen,C,,""{""""0"""":""""DARIO""""}"",Niemanden erreicht,,,,,,,,false"
"4ccca78f-691e-4bdd-8ba1-939d7cf58c15,SEM GmbH Schaltschrankbau,305637504,,‍+49,[],https://semgmbh.de,,[],Richter,Neu – offen,C,,""{""""0"""":""""DARIO""""}"",EK um 13 Uhr nochmal anrufen,,,,,,,,false"
"4d65f531-0b4c-4ca2-891e-92ef455f0dd9,LUPEG GmbH,9241808080,,‍+49,[],https://lupeg.de,,[],Skarupa,Neu – offen,C,,""{""""0"""":""""LARS""""}"",Günter Skarupa,,,,,,,,false"
8c967dd9-353d-475d-914c-52cde83da59a,Jonas Schaltanlagenbau GmbH,262396190,,‍+49,[],https://jonas-schaltanlagenbau.de,,[],Duck,Neu – offen,C,,{},,,,,,,,,false
91bb68da-71a6-43fa-b17d-880ed5c6f848,DER Elektronik GmbH,3816591321,,‍+49,[],https://der-elektronik.de,,[],Hensel,Neu – offen,C,,{},,,,,,,,,false
95b0217f-65c6-43a1-9bfa-287721388b77,BSG-Gebäudetechnik GmbH,234955050,,‍+49,[],https://bsg-gruppe.de,,[],Loch,Neu – offen,C,,{},,,,,,,,,false
9ae4c690-02b0-4f9f-a6bd-0f45613591e8,SFK-Service GmbH,3065762845,,‍+49,[],https://sfk-service.de,,[],Schramm,Neu – offen,C,,{},,,,,,,,,false
d451c5ea-51c7-410a-86f2-6b08e929e585,Wolfgang Hettich e.K. (HW-Systemtechnik),772221411,,‍+49,[],https://hw-systemtechnik.de,,[],Hettich,Neu – offen,C,,{},,,,,,,,,false
e3a09cbd-580d-452b-9b81-8ff572d69530,Oswald Iden GmbH & Co. KG,406076850,,‍+49,[],https://oswald-iden.de,,[],Wiese,Neu – offen,C,,{},,,,,,,,,false
"f69427a2-9cef-485d-84cc-d867b6401cf9,FEVON Industrie-Elektronik GmbH,8261731500,,‍+49,[],https://fevon.de,,[],Mudersbach,Neu – offen,C,,""{""""0"""":""""LARS""""}"",,,,,,,,,false"
"05da39ca-cf2e-45c1-a3db-01897e2ca1e0,Elektro Montagen Burkhardt GmbH,9401526310,,‍+49,[],https://emb-neutraubling.de,,[],Burkhardt,Geschlossen,C,,""{""""0"""":""""MIKLAS""""}"",""❌ Burkhardt sehr tief in Agentic Coding, korrekter Typ. Mail geschickt, Vernetzung ausstehend (mit Kollegen / und ihm)"",,,,,,,,false"
"0c58818c-0a7a-4adc-80b3-10b6ab1e83cf,Stadler + Schaaf Mess- und Regeltechnik GmbH,63486110,,‍+49,[],https://stadler-schaaf.de,,[],Stadler,Rückruf,C,,""{""""0"""":""""MIKLAS""""}"",ab 6.08 (Frau Damm -> Kollege im EInkauf) ->Faru Wölfle Altinger,,2026-07-14,,,,,,false"
"10815433-0833-46d7-a8a0-dedae716a16a,FIEGER Elektronic GmbH,721621600,,‍+49,[],https://fieger-elektronik.de,,[],Fieger,Neu – offen,C,ralf@fieger.info,""{""""0"""":""""LARS""""}"",""❗️Ralf Fieger: akut ab Juli, Termin gewünscht (vorab Email gesendet)"",,2026-07-01,,,,,,false"
"242c7242-a850-4be6-bdaf-9db7ec560852,T & T Schaltanlagenbau GmbH,519296370,,‍+49,[],https://tt-schaltanlagen.de,,[],Wiesner,Rückruf,C,,""{""""0"""":""""MIKLAS""""}"",13.07. + 14.07. nicht erreicht,,,,,,,,false"
"58e98230-f465-462e-b08f-803e5cbdb535,D-E-K Dischereit elektronische Komponenten GmbH & Co. KG,2599929950,,‍+49,[],https://dischereit.de,,[],Dischereit,Geschlossen,C,,""{""""0"""":""""MIKLAS""""}"",""❌ nur per Mail: purchase@dischereit.de -Einkauf:Herr Christ"
"Zentrale:Frau Henke"",,,,,,,,false"
"5aac62ad-2266-4935-8a9f-245c17c19878,HELIRO GmbH,367720700,,‍+49,[],https://heliro.de,,[],Rose,Geschlossen,C,,""{""""0"""":""""MIKLAS""""}"",""❌ in 1,5 Jahren (vertraglich gebunden!)"",,,,,,,,false"
"5e654ad5-93c6-4914-abf7-04ce5f602bc3,atb Elektronische Steuerungen GmbH,2373989450,,‍+49,[],https://atb-gmbh.de,,[],Buchgeister,Neu – offen,C,,""{""""0"""":""""MIKLAS""""}"",14.07. mit personal aus dem einkauf telefoniert -> GF verantwortlich,,,,,,,,false"
"6cd87c62-9aed-41ae-b598-5228ac8baadb,BS Steuerungsbau GmbH,75648664940,,‍+49,[],https://bs-steuerungsbau.de,,[],Schulz,Neu – offen,C,,""{""""0"""":""""MIKLAS""""}"",14.07 Her schmidt hat aufgelegt,,,,,,,,false"
"8ced67b4-a4ec-4506-ac9f-941e0cb61fe7,RESA Systems GmbH,68388660,,‍+49,[],https://resa.de,,[],,Neu – offen,C,,""{""""0"""":""""MIKLAS""""}"",14.07. Email geshcikt,,,,,,,,false"
"a607158e-ae01-4fb9-ad35-6b9f2670db7f,K+S Richter Schaltanlagenbau GmbH,92289850,,‍+49,[],https://ks-richter.de,,[],Pitterich,Neu – offen,C,,""{""""0"""":""""MIKLAS""""}"",ab 15.07. vormittags Herr Weiß hat gesagt GF weiterleiten,,,,,,,,false"
"b8574e8e-8ff2-4f45-b247-89fdf83a286e,Rihatec Systemlösungen GmbH,8990480791,,‍+49,[],https://rihatec.de,,[],Riffner,Neu – offen,C,,""{""""0"""":""""MIKLAS""""}"",ab 15.07. vormittags (Zeyf?) Einkauf,,,,,,,,false"
"d2b9a454-ac52-4984-adfe-dc4fb5e70b15,Heinen Elektronik GmbH,21295620,,‍+49,[],https://heinen-elektronik.de,,[],Heinen,Geschlossen,C,,""{""""0"""":""""MIKLAS""""}"",❌ kein Bedarf,,,,,,,,false"
"f1e291d0-5b44-4cc1-9e83-fbe1f5a2f372,Holtkamp Electronics GmbH,541971200,,‍+49,[],https://holtkamp.de,,[],Michael,Neu – offen,C,,""{""""0"""":""""MIKLAS""""}"",16.07. nicht erreicht,,,,,,,,false"
14c825e1-f0ac-455c-8f0b-099420d9d643,MK Stahl- und Maschinenbau GmbH,9414637580,,‍+49,[],https://mk-smb.com,,[],Kulzer,Neu - offen,E,,{},,,,,,,,,false
214c59d7-488f-4dc4-a1b5-10f646a28ab0,ES Elektroanlagen + Systemtechnik GmbH,6219530000,,‍+49,[],https://elektrosys.de,,[],Frölich,Neu – offen,C,,{},,,,,,,,,false
24571cd0-6b20-4ba0-b19f-9ee14e537cfe,Ihlemann GmbH,53131980,,‍+49,[],https://ihlemann.de,,[],Ihlemann,Neu – offen,C,,{},,,,,,,,,false
3cb7352b-2db7-4927-8e34-34e0a9cb38f7,KMB Blechbearbeitung GmbH,7133955900,,‍+49,[],https://kmb-blech.com,,[],Lorber,Neu - offen,E,,{},,,,,,,,,false
4d2683f5-bd96-4a83-8cb2-e2a45539051a,Alois Maibaum Metallbearbeitung GmbH,5223793770,,‍+49,[],https://maibaum-gmbh.com,,[],Maibaum,Neu - offen,E,,{},,,,,,,,,false
50edcd01-1e6d-4c1e-8429-e25ed6aa41ca,Walter Steuerungstechnik GmbH & Co. KG,643196130,,‍+49,[],https://walter-steuerungstechnik.de,,[],Walter,Neu – offen,C,,{},,,,,,,,,false
64bb3c71-4b74-4337-944a-4320b7b3b9ea,Windisch GmbH,3746769890,,‍+49,[],https://windisch-gmbh.de,,[],Uebel,Neu - offen,E,,{},,,,,,,,,false
"6c2e5d64-03ef-4915-84d4-af8c05754331,Richter Steuerungstechnik GmbH,922899920,,‍+49,[],https://richter-gmbh.de,,[],Otte,Neu – offen,C,,""{""""0"""":""""LARS""""}"",E-Mail gesendet,,,,,,,,false"
6de1c8d0-8955-4a5b-bfff-cf24a464bb83,W & L Schaltanlagen GmbH,26899595301,,‍+49,[],https://schaltschrank24.com,,[],Wilhelm,Neu – offen,C,,{},,,,,,,,,false
91f2cfd0-c964-4f00-9724-244e0b1f8301,Windschiegl Maschinenbau GmbH,9681400240,,‍+49,[],https://windschiegl.de,,[],Höck,Neu - offen,E,,{},,,,,,,,,false
9ce151b0-0b30-4f31-be38-15f1f2af377b,CBV Blechbearbeitung GmbH,3642854320,,‍+49,[],https://cbv-blech.de,,[],,Neu - offen,E,,{},,,,,,,,,false
"a181eccc-0716-4013-b61f-94ff47ce8e3a,Gottschild Automatisierungstechnik GmbH,665796220,,‍+49,[],https://gottschild-gmbh.de,,[],Gottschild,Neu – offen,C,,""{""""0"""":""""MIKLAS""""}"",16.07. mo-fr 8-16 uhr geöffnet,,,,,,,,false"
"bb855ee8-0155-4a62-a0e1-7eb44cb63cae,Horsch GmbH,8217909880,,‍+49,[],https://horsch-gmbh.com,,[],Horsch,Neu – offen,C,,""{""""0"""":""""MIKLAS""""}"",16.07. Frau Brachert: Kollege Freitag 8-12uhr im EREinkauf,,,,,,,,false"
"e76ee1f7-199a-4502-bf64-b3dddfbed112,Jenaer Feinblech GmbH,3641201990,,‍+49,[],https://jenaer-feinblech.de,,[],,Geschlossen,E,,""{""""0"""":""""MIKLAS""""}"",❌ kein Bedarf,,,,,,,,false"
"f233ded4-276d-4f59-bda6-fe8723111541,Klug Laser GmbH,7161606810,,‍+49,[],https://kluglaser.de,,[],Klug,Neu - offen,E,,""{""""0"""":""""MIKLAS""""}"",16.07. nicht erreicht,,,,,,,,false"
"118ecedf-62af-460a-8685-dea9c87bb262,GLA-WEL GmbH,5422943901,,‍+49,[],https://gla-wel.de,,[],Welkener,Neu - offen,E,,""{""""0"""":""""MIKLAS""""}"",16.07. nicht erreicht,,,,,,,,false"
"1314e344-4901-49f0-a6e9-1000e642535c,Matyssek Metalltechnik GmbH,553299400,,‍+49,[],https://matyssek.com,,[],Matyssek,Geschlossen,E,,""{""""0"""":""""MIKLAS""""}"",❌ kein Bedarf,,,,,,,,false"
"1a11eb78-84a3-44da-9351-9b45e865c3b2,Stahlbau GmbH Wolkenstein,3736917110,,‍+49,[],https://stahlbau-wolkenstein.de,,[],Haenel,Neu - offen,E,,""{""""0"""":""""MIKLAS""""}"",16.07. nicht erreicht,,,,,,,,false"
"4e683a72-2c3f-4665-88c3-aa3b0651b374,Seifert GmbH,90779575880,,‍+49,[],https://seifert-gmbh.com,,[],Seifert,Neu - offen,E,,""{""""0"""":""""MIKLAS""""}"",✅  KI generell am 23.07. um 14:30 Uhr,,,,,,,,false"
"6676f6bd-e57c-46e7-b960-0db6f95af2b3,Fritz Brenner GmbH & Co. KG,845834050,,‍+49,[],https://brenner-blech.de,,[],Brenner,Neu - offen,E,,""{""""0"""":""""MIKLAS""""}"",23.07. nicht erreicht,,,,,,,,false"
"7eb511d9-b8ac-494e-8365-31cda39e0368,KLB Expert GmbH,8558974240,,‍+49,[],https://klb-expert.de,,[],Traeger,Geschlossen,E,,""{""""0"""":""""MIKLAS""""}"",❌ kein Bedarf,,,,,,,,false"
"8faa7340-cccd-4c76-8972-b8554e0c68a4,S&R Stahlbau-Blechbearbeitung GmbH & Co. KG,367662770,,‍+49,[],https://sr-stahlbau.de,,[],Stoetzer,Neu - offen,E,,""{""""0"""":""""MIKLAS""""}"",❌ kein Bedarf,,,,,,,,false"
"91eb263a-9794-48f6-8370-3d85012c50fa,BEFA Fahrzeug- und Stahlbau GmbH,3729893980,,‍+49,[],https://befa-stahlbau.de,,[],Diesel,Neu - offen,E,,""{""""0"""":""""MIKLAS""""}"",ab 24.08. -> Frau Hofmann hat gesagt ich solle kurz mit dem GF sprechen,,,,,,,,false"
"9bc33661-6d6e-4cac-abef-90b9e3fc02a7,QABUS Metallbau GmbH,94029450,,‍+49,[],https://qabus.de,,[],Listl,Geschlossen,E,,""{""""0"""":""""MIKLAS""""}"",❌ kein Bedarf,,,,,,,,false"
"9f3b71e0-7613-4b38-9df1-7649d5a9a1b3,QUADRUS Metalltechnik GmbH,943530020,,‍+49,[],https://quadrus.de,,[],,Interessiert,E,,""{""""0"""":""""MIKLAS""""}"",ab 27.07. Montag: +4994353002253 Herr Duscher (IT Abteilung),,,,,,,,false"
"a0cf6577-7d2d-42bd-833c-589353cfc376,Wiegand GmbH,21917931410,,‍+49,[],https://wiegand-rs.de,,[],Wiegand,Interessiert,E,,""{""""0"""":""""MIKLAS""""}"",Herr Sager meint ich solle herrn Wiegand sprechen,,,,,,,,false"
"aff76785-5738-4f5f-b0d1-af9542b60b4e,Kirrbach GmbH,9280981070,,‍+49,[],https://metallarchitekten.de,,[],Kirrbach,Interessiert,E,,""{""""0"""":""""MIKLAS""""}"",""Email geschcikt, Herr Wolfram hat mihc na herrn Kirrbach verwiesen"",,,,,,,,false"
"d3fd85b9-7658-4c3e-ad15-e10df32c7852,Eberbach GmbH & Co. Druckgusswerk KG,642392810,,‍+49,[],https://eberbach-druckguss.de,,[],Eberbach,Neu - offen,E,,""{""""0"""":""""MIKLAS""""}"",ab montag 03.08.,,,,,,,,false"
"ecd53b28-d501-4fe6-83cd-c30589e4e798,Technoblech GmbH,994594300,,‍+49,[],https://technoblech-gmbh.de,,[],Sitzberger,Neu - offen,E,,""{""""0"""":""""MIKLAS""""}"",info@technoblech-gmbh.de email gesendet,,,,,,,,false"
"0a290efe-b614-4413-8222-6a4911de4a93,Franz Hof GmbH,277394250,,‍+49,[],https://hof-cnc.de,,[],Hof,Neu - offen,E,,""{""""0"""":""""MIKLAS""""}"",,,,,,,,,false"
"1e0885a7-50ec-4758-b0a6-9a32700b3e0a,H. GEWING GmbH,256195450,,‍+49,[],https://gewing.de,,[],Gewing,Neu - offen,E,,""{""""0"""":""""MIKLAS""""}"",,,,,,,,,false"
1fbeabf2-ee1e-40c0-9db6-b7d6483477bc,MB Spritzgusstechnik GmbH,8342896430,,‍+49,[],https://mb-spritzgusstechnik.de,,[],,Neu - offen,D,,{},,,,,,,,,false
3bf2a7d8-c425-4524-b6d6-e6c8ffc996c2,Lahme GmbH & Co. KG,235990840,,‍+49,[],https://lahme-praezision.de,,[],Lahme,Neu - offen,D,,{},,,,,,,,,false
481fef2b-cd4e-497d-b7fb-eb6529270410,Schmidkonz GmbH & Co. KG,83745898960,,‍+49,[],https://schmidkonz-gmbh.de,,[],Schmidkonz,Neu - offen,D,,{},,,,,,,,,false
66cf4dac-4241-42dc-8ac1-f56f61507735,Bergmann Spritzguss und Formenbau GmbH & Co. KG,250498030,,‍+49,[],https://spritzguss-bergmann.de,,[],Bergmann,Neu - offen,D,,{},,,,,,,,,false
6e54d662-93f6-4cab-84d5-307afd4d91e7,HWF Hessische Werkzeug- und Formenbau GmbH,607130830,,‍+49,[],https://hwf-werkzeugbau.de,,[],,Neu - offen,D,,{},,,,,,,,,false
7fd865d1-34fd-489f-a57f-59e4455d3fd8,Lukas Metallverarbeitung GmbH,202456245,,‍+49,[],https://lukasmetall.de,,[],Winterberg,Neu - offen,E,,{},,,,,,,,,false
9c00c285-e66c-4a6e-9508-3ee196a026e3,Westholt Blechverarbeitungs GmbH & Co. KG,251717547,,‍+49,[],https://westholt-muenster.de,,[],Westholt,Neu - offen,E,,{},,,,,,,,,false
b0c9bac1-865c-4210-a8f0-9890c184b916,TRIGONPLAST GmbH,22039666812,,‍+49,[],https://trigonplast.de,,[],Droste,Neu - offen,D,,{},,,,,,,,,false
bfc5da88-09c0-4b09-b05c-b9e56d34e58b,Precupa GmbH,804178040,,‍+49,[],https://precupa.de,,[],Maerz,Neu - offen,D,,{},,,,,,,,,false
d3f82e02-0f72-4e55-9d38-c7f2b6644fc2,LST-Laserschneidtechnik GmbH,525798580,,‍+49,[],https://lstgmbh.de,,[],Meier,Neu - offen,E,,{},,,,,,,,,false
fd9361b7-e064-4886-b8db-df91de1f04bd,Werkzeugbau und Kunststoffverarbeitung Mayweg GmbH,235391880,,‍+49,[],https://mayweg-gmbh.de,,[],Jannack,Neu - offen,D,,{},,,,,,,,,false
fe3a92ee-9e66-4d62-99d9-51e070e677f5,MEILLER GmbH & Co. KG,297297420,,‍+49,[],https://meiller-lasertechnik.de,,[],Meiller,Neu - offen,E,,{},,,,,,,,,false
"2796db42-d993-4b22-a3b8-36d5000f48c6,Plastard GmbH,3712814080,,‍+49,[],https://plastard.de,,[],Vietze,Neu - offen,D,,""{""""0"""":""""LARS""""}"",ans Sekretariat wenden,,,,,,,,false"
"3ce6630e-69f6-4ad1-a447-fa73c1a6e795,SES Schaltschrankbau Andreas Darkow,52198835675,,‍+49,[],https://ses-darkow.de,,[],Darkow,Neu - offen,C,,""{""""0"""":""""MIKLAS""""}"",,,,,,,,,false"
434174f7-3b9e-4d93-aabc-a2474a23152b,RR Kunststoffverarbeitung GmbH & Co. KG,3665139782,,‍+49,[],https://rr-kunststoff.de,,[],Ruediger,Neu - offen,D,,{},,,,,,,,,false
4930e1b0-f9ee-4fc3-8313-77a081b346cd,MSS Steuerungstechnik GmbH,367779580,,‍+49,[],https://mss-schaltschrankbau.de,,[],Sturm,Neu - offen,C,,{},,,,,,,,,false
54b571ce-e843-40e0-b7e6-4593b8567988,Dorn Spritzguss GmbH,754396320,,‍+49,[],https://dorn-spritzguss.de,,[],Dorn,Neu - offen,D,,{},,,,,,,,,false
"7a873b86-af8b-4c03-8f36-6368c76af2d1,Baudisch Electronic GmbH,7172926130,,‍+49,[],https://baudisch-electronic.de,,[],Lenz,Neu - offen,C,,""{""""0"""":""""MIKLAS""""}"",,,,,,,,,false"
7ba9bb1d-fc80-4448-aa49-b953c455c7ec,metak GmbH & Co. KG,64515870,,‍+49,[],https://metak.de,,[],Akesson,Neu - offen,D,,{},,,,,,,,,false
abca9570-8c94-4d3c-8971-d86e65a1fa6d,SCHRAMM GmbH,69420070,,‍+49,[],https://schramm-gmbh.de,,[],Tacke,Neu - offen,C,,{},,,,,,,,,false
ad1eb680-7401-4b1d-a578-be20f982ba2d,Wuerl Kunststofferzeugnisse GmbH & Co. KG,706294600,,‍+49,[],https://wke-online.de,,[],Wuerl,Neu - offen,D,,{},,,,,,,,,false
bc94584c-7d09-4043-ad0e-29991dbddc7e,Scheplast GmbH,734796010,,‍+49,[],https://scheplast.de,,[],Schenk,Neu - offen,D,,{},,,,,,,,,false
beb80a21-3404-4330-bb40-ec20b0922f8d,TPK-Kunststofftechnik GmbH,550398780,,‍+49,[],https://tpk-kunststofftechnik.de,,[],Ternka,Neu - offen,D,,{},,,,,,,,,false
d71fd4f5-45ca-424e-8fde-e2305795df85,Spritzguß Müller GmbH,808693120,,‍+49,[],https://spritzguss-mueller.de,,[],Mueller,Neu - offen,D,,{},,,,,,,,,false
"e83cb80a-a1d7-498c-84f0-ff1ce1cb556e,Schages GmbH & Co. KG,215149680,,‍+49,[],https://schages.de,,[],Schages,Neu - offen,E,,""{""""0"""":""""LARS""""}"",""Urlaub, ab 29.06 da"",,2026-06-29,,,,,,false"
"f81c2bec-5464-4d3e-8f13-c1594fac91ad,Telegaertner Elektronik GmbH,79514880,,‍+49,[],https://telegaertner-elektronik.de,,[],Hopf,Neu - offen,C,,""{""""0"""":""""MIKLAS""""}"",,,,,,,,,false"
"113fc929-b209-4cc0-b76f-692b9a434141,BLEICH GmbH Elektrotechnische Anlagen,723693640,,‍+49,[],https://bleichgmbh.de,,[],Bleich,Neu - offen,C,,""{""""0"""":""""MIKLAS""""}"",,,,,,,,,false"
"167623bf-cd32-47e1-85e5-ed25ca5715a4,HS-Steuerungstechnik GmbH,6035208080,,‍+49,[],https://hs-steuerungstechnik.de,,[],Ewald,Neu - offen,C,,""{""""0"""":""""MIKLAS""""}"",,,,,,,,,false"
"23a48b49-cbbf-4443-8a3a-7c4b9bab1985,G & S GmbH CNC Praezisionsteile,7127887220,,‍+49,[],https://gs-praezision.de,,[],Grießer,Neu - offen,B,,""{""""0"""":""""LARS""""}"",❌ EK unter 1h am Tag,,,,,,,,false"
"2c979282-0a7e-41e8-b0f4-cfabc28105c2,EVO Electronic Solutions GmbH,7402593370,,‍+49,[],https://evo-electronic.de,,[],Wiest,Neu - offen,C,,""{""""0"""":""""MIKLAS""""}"",,,,,,,,,false"
"3229e8ae-32cb-453a-8101-b2accbbaa74d,AXXERON HESCH electronics GmbH,503295350,,‍+49,[],https://hesch-automation.com,,[],Bruning,Neu - offen,C,,""{""""0"""":""""MIKLAS""""}"",,,,,,,,,false"
"42edd37f-fa8b-4302-b8e6-92ee02b0ffd6,Richter Maschinenbauteile,3522528966,,‍+49,[],https://rmbt.de,,[],Richter,Neu - offen,B,,""{""""0"""":""""LARS""""}"",❌ zu kleines Unternehmen,,,,,,,,false"
"572b05c9-c4e5-4f72-8ac5-d2c0f02a223f,German Mold Service 24 GmbH,6071508200,,‍+49,[],https://gms-24.de,,[],Schramek,Neu - offen,C,,""{""""0"""":""""MIKLAS""""}"",,,,,,,,,false"
"6eef00bb-ff3f-4e83-9dc6-1d022b209a51,JOKIEL GmbH,962167770,,‍+49,[],https://jokiel.de,,[],Jokiel,Neu - offen,C,,""{""""0"""":""""MIKLAS""""}"",,,,,,,,,false"
"83965c73-60a9-4eb6-80d0-12af77df4ab7,Bernhard Gotzeina & Co GmbH Drehteilwerke,368661510,,‍+49,[],https://b-gotzeina.de,,[],Gotzeina,Neu - offen,B,,""{""""0"""":""""LARS""""}"",nächste Woche wieder im Haus,,2026-07-20,,,,,,false"
"d6c070e8-2af5-4c9e-97ea-ff12b6e16cee,Walter Meile GmbH,823295950,,‍+49,[],https://meile-steuerungsbau.de,,[],Deininger,Neu - offen,C,,""{""""0"""":""""MIKLAS""""}"",,,,,,,,,false"
"e9751a0b-cb45-4e18-b0fc-41a41761c3b9,ERGATEC GmbH,8721781850,,‍+49,[],https://ergatec.de,,[],Gabriel,Neu - offen,C,,""{""""0"""":""""MIKLAS""""}"",,,,,,,,,false"
"15cbe523-6809-40e0-b97d-a6f5b6965bbb,Dreher Praezisionsdrehteile GmbH,7424501021,,‍+49,[],https://dreher-cnc.de,,[],Dreher,Neu - offen,B,,""{""""0"""":""""LARS""""}"",ab September,,2026-09-01,,,,,,false"
"23dfd4d4-782b-4704-a0e1-1fce811f5637,Roessner Maschinenbau GmbH,663196220,,‍+49,[],https://roessner-maschinenbau.de,,[],Roessner,Neu - offen,B,,""{""""0"""":""""LARS""""}"",❌ EK kein Bedarf,,,,,,,,false"
"2ac921bf-df35-4cb2-abbb-8b735c254c72,BS Kunststofftechnik GmbH & Co. KG,52354158250,,‍+49,[],https://bs-kunststofftechnik.de,,[],Fr. Brenker,Neu – offen,D,,""{""""0"""":""""LARS""""}"",,,,,,,,,false"
"380bcec4-1275-4ab0-9b7b-ad21670d2597,BUEHLER SOLUTIONS GmbH,716184223,,‍+49,[],https://buehlersolutions.de,,[],Buehler,Neu - offen,B,,""{""""0"""":""""LARS""""}"",❌ EK kein Bedarf,,,,,,,,false"
"391a4f07-6b75-4165-9d9f-30a9a53c2888,Georg Wurster UNIMECHANIK GmbH & CO. KG,7117803480,,‍+49,[],https://wurster-unimechanik.de,,[],Wurster,Neu - offen,B,,""{""""0"""":""""MIKLAS""""}"",,,,,,,,,false"
"43055052-5244-4aea-86b5-a781b02445a8,A. u. M. Automatendreherei und Mechanik GmbH,3490621145,,‍+49,[],https://drehteilspezialist.de,,[],Jaguste,Neu - offen,B,,""{""""0"""":""""MIKLAS""""}"",,,,,,,,,false"
"4afd7032-a673-42bd-ae9d-9b4fc822b19f,Baum Zerspanungstechnik e. Kfr.,2365988310,,‍+49,[],https://baum-zerspanungstechnik.de,,[],Baum,Neu - offen,B,,""{""""0"""":""""MIKLAS""""}"",,,,,,,,,false"
"57a80375-9d29-4d01-8e74-663b161556cd,TDJ-GmbH,7738923534,,‍+49,[],https://tdj-gmbh.eu,,[],Joseph,Neu - offen,B,,""{""""0"""":""""MIKLAS""""}"",,,,,,,,,false"
"81fa7a17-8c4b-4a52-aa09-d281c14d0f45,triKon GmbH & Co. KG Fertigungstechnik,7424981980,,‍+49,[],https://trikon-fertigungstechnik.com,,[],Root,Neu - offen,B,,""{""""0"""":""""LARS""""}"",,,,,,,,,false"
"894a82bb-5536-43cb-b5ef-5bf2e71b0602,Dreherei Rieger OHG,2156492680,,‍+49,[],https://dreherei-rieger.de,,[],Rieger,Neu - offen,B,,""{""""0"""":""""LARS""""}"",,,,,,,,,false"
"8c477257-577f-4b93-b8c1-d26af2c986ff,AFK Kunststoffverarbeitung GmbH & Co. KG,272295400,,‍+49,[],https://afk-kunststoff.de,,[],Marcos,Neu – offen,D,,""{""""0"""":""""LARS""""}"",besser Morgens,,,,,,,,false"
"8ef2b7b4-36c5-443c-9752-7c709bc9006f,Kratzmaier CNC-Fertigung GmbH,8179997730,,‍+49,[],https://kratzmaier.de,,[],Kratzmaier,Neu - offen,B,,""{""""0"""":""""LARS""""}"",,,,,,,,,false"
"93833225-e4da-4d31-973b-5810f6c4ea88,WEIS & GUTJAHR GmbH,76669463010,,‍+49,[],https://weis-gutjahr.de,,[],Gutjahr,Neu – offen,A,,""{""""0"""":""""SEBASTIAN"""",""""1"""":""""DARIO""""}"",""sehr kelin, wollen mail"",2026-07-01T10:36:56.000Z,,,,,,,false"
"9c7dccc6-ba59-4927-9c79-270d316794dc,Duttenhofer CNC Dreh- und Fraestechnik e.K.,70439555930,,‍+49,[],https://duttenhofer-cnctechnik.de,,[],Duttenhofer,Neu - offen,B,,""{""""0"""":""""LARS""""}"",,,,,,,,,false"
"9f9be2c7-36d6-4591-96e2-0e16fe3d3ffb,ProTech GmbH,78196510,,‍+49,[],https://protech.gmbh,,[],Zovkic,Neu – offen,D,,""{""""0"""":""""LARS""""}"",aktuell kein Budget - ende des Jahres (cooler Dude),,,,,,,,false"
"a8ddc1d9-5e80-4ab3-acbe-efc408af11b6,Schmid Metallbearbeitung GmbH,7543939880,,‍+49,[],https://schmidmetall.de,,[],Schmid,Neu - offen,B,,""{""""0"""":""""LARS""""}"",""KI-transparenzpflichten, email schrieben"",,,,,,,,false"
"adae3abb-68c2-481c-8e4c-de745697ef8a,Ulrich Oelfke Formenbau GmbH & Co. KG,2351676950,,‍+49,[],https://oelfke.de,,[],Sommer,Neu – offen,A,,""{""""0"""":""""SEBASTIAN"""",""""1"""":""""DARIO""""}"",zu klein,2026-07-01T10:36:59.000Z,,,,,,,false"
"b3d95a1b-6252-4576-ae75-6dcc7aba89cc,BK Metall- und Anlagenbau GmbH,42079959034,,‍+49,[],https://bk-metall-anlagenbau.de,,[],Kahrs,Neu – offen,E,,""{""""0"""":""""MIKLAS""""}"",,,,,,,,,false"
"c04fed9f-d222-4a0d-b2e4-1f3c005d29cc,Dietrich Formenbau Inh. L. Dietrich e.K.,2351950950,,‍+49,[],https://dietrich-formenbau.de,,[],Dietrich,Neu – offen,A,,""{""""0"""":""""MIKLAS""""}"",,,,,,,,,false"
"ccc8b7df-2ba0-453b-8847-5716f0413edb,IBEX GmbH,35127278100,,‍+49,[],https://ibex-lohnfertigung.de,,[],Schnorr,Neu - offen,B,,""{""""0"""":""""SEBASTIAN"""",""""1"""":""""DARIO""""}"",abgelehnt,2026-07-01T10:37:00.000Z,,,,,,,false"
"d3abef94-e69d-46d1-b88d-7d8cb288e4d0,terraplastik Spritzgusstechnik GmbH,6861915260,,‍+49,[],https://terraplastik.de,,[],Bauer,Neu – offen,D,,""{""""0"""":""""LARS""""}"",kein ki anwendung,,,,,,,,false"
"d40cce3b-78a4-4233-9023-6e392b21979f,Heinrich Schlütter Stahl- und Metallbau GmbH,42186084,,‍+49,[],https://metallbaubremen.de,,[],Gieschler,Neu – offen,E,,""{""""0"""":""""MIKLAS""""}"",,,,,,,,,false"
"e13d31dc-814c-4c92-9170-f23cb2274091,Seisreiner GmbH CNC Zerspanungstechnik,78252660,,‍+49,[],https://seisreiner-zerspanungstechnik.de,,[],Seisreiner,Neu - offen,B,,""{""""0"""":""""LARS""""}"",13Uhr,,,,,,,,false"
"e9236dd2-f9fe-4385-8ce8-755cfe00c5f9,Hofmann CNC Technik GmbH,86160029,,‍+49,[],https://hofmann-cnc.de,,[],Hofmann,Neu - offen,B,,""{""""0"""":""""LARS""""}"",keine ki in den näschten Jahren,,,,,,,,false"
"f08f9df8-eddd-4038-b685-25d67528843a,EMK Allstedt GmbH,34652585,,‍+49,[],https://emk-allstedt.com,,[],Lüttig,Neu – offen,E,,""{""""0"""":""""MIKLAS""""}"",,,,,,,,,false"
"08eab977-f378-477d-bd6f-d216c212f41a,FUKS Formenbau GmbH & Co. KG,526178788,,‍+49,[],https://fuks-formenbau.de,,[],Fedorow,Neu - offen,A,,""{""""0"""":""""SEBASTIAN"""",""""1"""":""""DARIO""""}"",abgelehnt,2026-07-01T10:37:03.000Z,,,,,,,false"
"0de1c8cf-e393-4957-b58b-f47945c47b79,Patrick Lepold Maschinenbau,72453721,,‍+49,[],https://lepold-maschinenbau.de,,[],Lepold,Neu - offen,B,,""{""""0"""":""""MIKLAS""""}"",,,,,,,,,false"
"18a77fdf-0964-4c33-99a5-4b0c26adbc4c,Niedermaier GbR,8122957661,,‍+49,[],https://niedermaier-cnc.de,,[],Kiefersbeck,Neu - offen,B,,""{""""0"""":""""LARS""""}"",bayrische Hinterweltler,,,,,,,,false"
"24158bf7-ed43-4c48-9579-4c64ab2d34fb,MIT - Made in Thueringen GmbH,36938861990,,‍+49,[],https://mit-meiningen.de,,[],Sandhagen,Neu - offen,B,,""{""""0"""":""""LARS""""}"",alle im gespräch,,,,,,,,false"
"30a6cf74-41d4-4bb9-8ebb-ca737a336ed6,Peter Hurnaus GmbH,80355181,,‍+49,[],https://peterhurnaus.de,,[],Hurnaus,Neu - offen,B,,""{""""0"""":""""LARS""""}"",nicht erreicht,,,,,,,,false"
"31088057-f771-4dad-a74d-cbd136d22324,Servay Zerspanungstechnik GmbH,7237480212,,‍+49,[],https://servay-gmbh.com,,[],Servay,Neu - offen,B,,""{""""0"""":""""LARS""""}"",,,,,,,,,false"
"47a93c4f-d7de-4821-a9e5-1c558f550122,CNC-Lechner GmbH & Co. Feinmechanik KG,8137809460,,‍+49,[],https://cnc-lechner.de,,[],Lechner,Neu - offen,B,,""{""""0"""":""""LARS""""}"",,,,,,,,,false"
"640c505d-b4df-45a7-bc00-3155f1783df3,K. Brandstaetter CNC-Mechanik GmbH,705160060,,‍+49,[],https://brandstaetter-gmbh.de,,[],Kutlubulut,Neu - offen,B,,""{""""0"""":""""LARS""""}"",,,,,,,,,false"
"719e4006-96cb-4ab7-ac50-b421c2637702,Modell- und Formenbau M.Reuss GmbH,932497170,,‍+49,[],https://mreuss.de,,[],Reuss,Neu - offen,A,,""{""""0"""":""""SEBASTIAN""""}"",termin,2026-07-01T10:37:04.000Z,,,,,,,false"
"731720a5-0db9-4143-a32b-9b7d67d230f7,PTM Praezisionsteile GmbH Meiningen,369344580,,‍+49,[],https://ptm-meiningen.de,,[],Wald,Neu - offen,B,,""{""""0"""":""""LARS""""}"",,,,,,,,,false"
"7aed5cdd-b191-43d7-9b91-26460a2e6040,Werkzeugbau GmbH Glauchau,376377950,,‍+49,[],https://werkzeugbau-glauchau.de,,[],Kriegbaum,Neu - offen,B,,""{""""0"""":""""LARS""""}"",,,,,,,,,false"
"b49d0a93-51c1-4011-a56b-610c588a77a6,Herbrig & Co. GmbH,3505422331,,‍+49,[],https://drehteile-herbrig.de,,[],Herbrig,Neu - offen,B,,""{""""0"""":""""LARS""""}"",,,,,,,,,false"
"c31e49fd-5155-43d9-8795-6857e33c095c,Maendl Maschinenbau,91861261,,‍+49,[],https://maendl-maschinenbau.de,,[],Maendl,Neu - offen,B,,""{""""0"""":""""LARS""""}"",,,,,,,,,false"
"e040fd11-0885-4325-bf1f-813b1dba16d8,CNC-Drehen Beck GmbH,9822604600,,‍+49,[],https://cnc-beck.de,,[],Beck,Neu - offen,B,,""{""""0"""":""""LARS""""}"",,,,,,,,,false"
"f287f812-299c-40ec-a909-341b758f40f0,Richard Moser KG,742993150,,‍+49,[],https://moser-drehteile.de,,[],Moser,Neu - offen,B,,""{""""0"""":""""LARS""""}"",,,,,,,,,false"
"0592a634-5dca-4990-a596-b982bf0836ce,SWO Werkzeug und Formenbau GmbH & Co Stanztechnik KG,88249138013,,‍+49,[],https://swo-formenbau.de,,[],Weiss,Neu - offen,A,,""{""""0"""":""""SEBASTIAN""""}"",zu klein,2026-07-01T10:37:09.000Z,,,,,,,false"
"22d1307e-38e7-4d84-905d-241eb6899cf0,SPINNLER WERKZEUGBAU GmbH,3620350121,,‍+49,[],https://spinnler-werkzeugbau.de,,[],Spinnler,Neu - offen,A,,""{""""0"""":""""SEBASTIAN"""",""""1"""":""""DARIO""""}"",mail gesendet,2026-07-01T10:37:07.000Z,2026-07-22,,,,,,false"
"2a715707-cbbc-446f-a5a5-043537f833db,MIDENA Formentechnik GmbH,3449158330,,‍+49,[],https://midena-formenbau.de,,[],Gerlach,Neu - offen,A,,""{""""0"""":""""LARS""""}"",,,,,,,,,false"
"34f29142-3a21-4e02-a61c-2890e416bfb1,Werkzeugtechnik Plettenberg GmbH & Co. KG,2391918401,,‍+49,[],https://wtplettenberg.de,,[],Mueller,Neu - offen,A,,""{""""0"""":""""LARS""""}"",,,,,,,,,false"
"358e5145-56b6-4476-aa59-e86c53ac095f,Gebr. Schmid GmbH,7138941050,,‍+49,[],https://schmid-stanzerei.de,,[],Baisch,Neu - offen,A,,""{""""0"""":""""LARS""""}"",,,,,,,,,false"
"3e138d96-1c64-432b-82a6-5c3027be182e,FLM GmbH,5032954750,,‍+49,[],https://flmgmbh.de,,[],Fuhse,Neu - offen,A,,""{""""0"""":""""LARS""""}"",,,,,,,,,false"
"5018e762-7f65-4280-a46d-37b0654b900a,Leibfacher Maschinen- und Formenbau GmbH,51038447,,‍+49,[],https://leibfacher.de,,[],Leibfacher,Neu - offen,A,,""{""""0"""":""""LARS""""}"",,,,,,,,,false"
"6ad1f8a7-deb2-4e53-8c8f-37551a20972e,VKF Spritzgusstechnik GmbH,368639360,,‍+49,[],https://vkf-spritzgusstechnik.de,,[],Renzel,Neu - offen,A,,""{""""0"""":""""LARS""""}"",,,,,,,,,false"
"6f23b885-1fbb-4054-8132-48e8fcda99df,Daume GmbH,23516792400,,‍+49,[],https://daume-gmbh.com,,[],Daume,Neu - offen,A,,""{""""0"""":""""LARS""""}"",,,,,,,,,false"
"78435006-f01e-43fd-aa3a-5b189c852e00,SHN Stanz Schmidt GmbH & Co. KG,8918931600,,‍+49,[],https://stanz-schmidt.de,,[],Bachmaier,Neu - offen,A,,""{""""0"""":""""LARS""""}"",,,,,,,,,false"
"7c9d9e58-f5a3-4efd-a658-e1b3c8022b27,Thomas Waidner GmbH,723495260,,‍+49,[],https://waidner-stanztechnik.de,,[],Struck,Neu - offen,A,,""{""""0"""":""""LARS""""}"",,,,,,,,,false"
"894f6493-b64e-4360-92ca-e6a7d3059bf6,Bauer Werkzeugbau und Stanzerei GmbH,3771593960,,‍+49,[],https://bauer-werkzeugbau-stanzerei.de,,[],Bauer,Neu - offen,A,,""{""""0"""":""""LARS""""}"",,,,,,,,,false"
"8a8ac2be-317f-4351-abb3-f99a901f6726,Franz Kaltenbach GmbH,7683336,,‍+49,[],https://kaltenbach-formenbau.de,,[],Kaltenbach,Neu - offen,A,,""{""""0"""":""""LARS""""}"",,,,,,,,,false"
"9e918cc4-60c7-4941-b6ad-4d1194393be6,Bruno Geyer Werkzeugbau Kunststoffverarbeitungs GmbH,6002930056,,‍+49,[],https://geyerwerkzeugbau.de,,[],Geyer,Neu - offen,A,,""{""""0"""":""""LARS""""}"",,,,,,,,,false"
"a70d50e0-65ca-468d-8e5f-ad669de05e51,EFI Formenbau GmbH & Co. KG,51314792898,,‍+49,[],https://efi-formenbau.de,,[],Fitz,Neu - offen,A,,""{""""0"""":""""LARS""""}"",,,,,,,,,false"
"b14f0689-d3d3-4280-a417-1a266878872f,Gebr. Wagner GmbH,917698010,,‍+49,[],https://wagner-stanztechnik.com,,[],Engel,Neu - offen,A,,""{""""0"""":""""LARS""""}"",,,,,,,,,false"
"b5d1b154-deda-4e6a-998b-c2cf5493e5c0,SNW Schirneker & Nacke Werkzeugbau GmbH & Co. KG,522294120,,‍+49,[],https://snw-formenbau.com,,[],Nacke,Neu - offen,A,,""{""""0"""":""""LARS""""}"",,,,,,,,,false"
"b979fd27-252f-49c1-99ba-88941a32dbf8,HEMA Formenbau + Kunststoffverarbeitung GmbH,3641698660,,‍+49,[],https://hema-jena.de,,[],Amon,Neu - offen,A,,""{""""0"""":""""LARS""""}"",,,,,,,,,false"
"bb8d44c7-f200-452d-a773-d303452e1073,Will Werkzeug- und Formenbau GmbH,898598579,,‍+49,[],https://will-werkzeugbau.de,,[],Will,Neu - offen,A,,""{""""0"""":""""LARS""""}"",,,,,,,,,false"
"d1cfbc70-a72a-4b9b-a19d-deab58bdd95e,ProForm GmbH,7231280990,,‍+49,[],https://proform-formenbau.de,,[],Hauff,Neu - offen,A,,""{""""0"""":""""LARS""""}"",,,,,,,,,false"
"ee928fb4-f27e-41c0-b045-3b0b72c84c01,Vogt Stanzteile GmbH,7447919070,,‍+49,[],https://vogt-stanzteile.de,,[],Vogt,Neu - offen,A,,""{""""0"""":""""LARS""""}"",,,,,,,,,false"
"f06474eb-6dcb-4c72-8920-1b4299913858,Heinz Zimmermann GmbH & Co.,23919179390,,‍+49,[],https://heinz-zimmermann.de,,[],Zimmermann,Neu - offen,A,,""{""""0"""":""""LARS""""}"",,,,,,,,,false"
"f0723dc4-f8ff-49a7-9be7-dfff071805ef,B&S Blech mit System GmbH & Co. KG,8552974330,,‍+49,[],https://blechmitsystem.de,,[],Schremmer,Neu - offen,A,,""{""""0"""":""""LARS""""}"",,,,,,,,,false"
"051edec4-40bb-45cc-91ee-750ca66c3b4f,Oesterle Formenbau GmbH & Co. KG,7181980200,,‍+49,[],https://oesterle-formenbau.de,,[],Oesterle,Neu - offen,A,,""{""""0"""":""""LARS""""}"",,,,,,,,,false"
"1566f2aa-e9b4-4bee-adaa-4f66f3571641,Muehlhause GmbH,205398040,,‍+49,[],https://muehlhause.de,,[],Muehlhause,Neu - offen,A,,""{""""0"""":""""LARS""""}"",,,,,,,,,false"
"18d8dec8-e707-4933-8558-47376678fbab,Waldemar Frank Formenbau GmbH,7262610100,,‍+49,[],https://frank-formenbau-werkzeugbau.de,,[],Frank,Neu - offen,A,,""{""""0"""":""""LARS""""}"",,,,,,,,,false"
"197f9b35-8bb6-412e-8543-7fa17f1738dd,Herbert Kaut GmbH & Co. KG,7571182010,,‍+49,[],https://kaut.info,,[],Kaut,Neu - offen,A,,""{""""0"""":""""SEBASTIAN"""",""""1"""":""""DARIO""""}"",kein interesse,2026-07-01T10:37:22.000Z,,,,,,,false"
"1d5d43f3-7e4a-462f-96ee-3673a7a8c700,ABAS Werkzeug & Formenbau GmbH,66194440,,‍+49,[],https://abas-werkzeugbau.de,,[],Basistow,Neu - offen,A,,""{""""0"""":""""SEBASTIAN""""}"",wollen Mail,2026-07-01T10:37:29.000Z,,,,,,,false"
26c9cc72-0086-4e76-a0d1-5e9bf84419d4,Wehler Stanztechnik GmbH,266491240,,‍+49,[],https://wehler-stanztechnik.de,,[],Wehler,Neu - offen,A,,{},abgelehnt,,,,,,,,false
"4396e397-b0d2-4e9d-9f3e-127a27fe681a,Formenbau Schneider GmbH,64529391760,,‍+49,[],https://formenbau-schneider.de,,[],Schneider,Neu - offen,A,,""{""""0"""":""""SEBASTIAN"""",""""1"""":""""DARIO""""}"",info@schneider-formrnbau.de,2026-07-02T10:43:32.000Z,2026-07-22,,,,,,false"
"6484b5d4-33fd-4196-88de-343221845de6,BM Praezisionsformenbau GmbH,98416890700,,‍+49,[],https://praezisions-formenbau-werkzeugbau.de,,[],Bischoff,Neu - offen,A,,""{""""0"""":""""SEBASTIAN""""}"",zu klein umd andere probleme,2026-07-02T10:43:34.000Z,,,,,,,false"
"6864e900-3cf7-459f-8aa9-981bf4705194,Meissner Formentechnologie GmbH,7627708690,,‍+49,[],https://werkzeugbau-meissner.de,,[],,Neu - offen,A,,""{""""0"""":""""SEBASTIAN""""}"",komplett verloren die Frau,2026-07-02T10:43:36.000Z,,,,,,,false"
"8df1dfb2-6e1e-495e-b3ce-a09de6c97818,Berthold Kunrath GmbH,685391450,,‍+49,[],https://werkzeugbau-kunrath.de,,[],Kunrath-Schumacher,Neu - offen,A,,""{""""0"""":""""SEBASTIAN""""}"",später anrufen,2026-07-02T10:43:40.000Z,,,,,,,false"
"e4e61156-5386-4839-82e7-cc793fe7eb46,WESIE Sieber GmbH & Co. KG,7427931990,,‍+49,[],https://formenbau-wesie.de,,[],Sauter,Neu - offen,A,,""{""""0"""":""""DARIO""""}"",,,,,,,,,false"
"f940fa80-f2f7-476e-a900-855382c4d617,SAUR Werkzeugbau GmbH,7133901800,,‍+49,[],https://saur-formenbau.de,,[],Saur,Neu - offen,A,,""{""""0"""":""""DARIO""""}"",,,,,,,,,false"
471dac5d-4d2e-4ada-8fa8-5d7cc0720479,SIEPMANN-WERKE GmbH & Co. KG,,,,[],,,[],,,,,{},,,,,,,,,false
8be16c18-f533-438f-81ee-7c3611fc01cc,Argo-Anleg GmbH,,,,[],,,[],,,,,{},,,,,,,,,false
6ebf6fdc-64dc-4ad6-8a38-c8fb3fc37783,Düker ProCo GmbH,,,,[],,,[],,,,,{},,,,,,,,,false
44455f48-39e6-443a-b37b-5047574c0b22,TPC Germany GmbH,,,,[],,,[],,,,,{},,,,,,,,,false
"4142c9b3-981a-4156-b151-2ec16ae3ef1e,Stahlbau Nägele GmbH,716185000,,‍+49,[],https://stahlbau-naegele.de,,[],Nägele,Brief versendet,,info@stahlbau-naegele.de,""{""""0"""":""""DARIO""""}"",Nein,,,,,,,,false"
"437ff0d7-4530-4648-89cd-62c586ae1842,HEINRICH KIPP WERK GmbH & Co. KG,74547930,,‍+49,[],https://kippwerk.de,,[],Kipp,Brief versendet,,info@kipp.com,""{""""0"""":""""DARIO""""}"",Mail an Info@kipp.com,,,,,,,,false"
"c3aa01e6-ea8b-482c-a80a-0839fa2a5a86,FROHN GmbH,235292810,,‍+49,[],https://frohn.com,,[],Beckmerhagen,Brief versendet,,info@frohn.com,""{""""0"""":""""DARIO""""}"",email schreiben,,,,,,,,false"
"ec9f765e-4e7b-4c92-a8c4-50a3ff34dea4,Schrage Rohrkettensystem GmbH Conveying Systems,446594690,,‍+49,[],https://schrage.de,,[],Schrage,Brief versendet,,info@schrage.de,""{""""0"""":""""DARIO""""}"",abgeblockt,,,,,,,,false"
"132a45a3-0fad-45fc-8b26-391b4ddddf4f,Kläger Spritzguss GmbH & Co. KG,744396330,,‍+49,[],https://klaeger.de,,[],Kläger,Brief versendet,,info@klaeger.de,""{""""0"""":""""DARIO""""}"",kein interesse,,,,,,,,false"
"22910568-8993-4c12-8863-6012b558cc90,OSWALD Elektromotoren GmbH,937197190,,‍+49,[],https://oswald.de,,[],Oswald,Brief versendet,,info@oswald.de,""{""""0"""":""""SEBASTIAN"""",""""1"""":""""DARIO""""}"",""email schreiben, gv schreben"",,,,,,,,false"
"285271e1-8ba0-4e37-b5b8-dc3eeb0ba726,Giebeler GmbH,27747060,,‍+49,[],https://giebeler.eu,,[],Noll,Brief versendet,,info@giebeler.eu,""{""""0"""":""""DARIO""""}"",13 uhr erneut anrufen 26.05,,,,,,,,false"
"393f14f0-b3bb-4ca5-b09a-0e6dc3be5909,Roth Werkzeugbau GmbH,3662631740,,‍+49,[],https://roth-werkzeugbau.de,,[],Roth,Brief versendet,,info@roth-werkzeugbau.de,""{""""0"""":""""DARIO""""}"",nein,,,,,,,,false"
"68761a41-460b-4653-b3d0-894ed574f556,Kögel GmbH,70459820,,‍+49,[],https://mk-koegel.de,,[],Kögel,Brief versendet,,info@mk-koegel.de,""{""""0"""":""""DARIO""""}"",15.06 wieder anrufen,,,,,,,,false"
"781c53d9-67f6-4838-ad9c-e40797eed7a7,BEISSERMETALL GmbH,715940980,,‍+49,[],https://beissermetall.de,,[],Pogadl,Brief versendet,,info@beissermetall.de,""{""""0"""":""""DARIO""""}"",070313068580,,,,Voicemail,,,,false"
"9bdd6910-6a02-479d-a2dd-4d16507bc08c,Zimmermann Formen- und Werkzeugbau GmbH,64622090,,‍+49,[],https://ziform.de,,[],Rohleder,Brief versendet,,info@ziform.com,""{""""0"""":""""DARIO""""}"",""08.06 10 Uhr anrufen, 064622090392"",,,,,,,,false"
"9e43781e-d76f-4f95-877f-81e2461d940e,Odenwälder Kunststoffwerke Gehäusesysteme GmbH,628140400,,‍+49,[],https://okw.com,,[],Schneider,Brief versendet,,info@okw.de,""{""""0"""":""""DARIO""""}"",beschaffung@okw.com,,,,,,,,false"
"a2019577-211d-4f37-be94-113185e19645,Elkamet Kunststofftechnik GmbH,64619300,,‍+49,[],https://elkamet.com,,[],Flammer,Brief versendet,,info@elkamet.de,""{""""0"""":""""DARIO""""}"",""nur schriftlich per Mail, melden sich bei bedarf"",,,,,,,,false"
"a6cb7ec5-95a3-45e9-a078-9eadc8f10503,Kreyenberg GmbH,405219670,,‍+49,[],https://kreyenberg.eu,,[],Kreyenberg,Brief versendet,,info@kreyenberg.eu,""{""""0"""":""""DARIO""""}"",kein bedarf,,,,,,,,false"
"aa49f634-3bfb-4ef0-ab6b-9dd0f0f3f6c9,TriWeFo Tridelta Werkzeug- und Formenbau GmbH,366018690,,‍+49,[],https://triwefo.de,,[],Wolf,Brief versendet,,info@triwefo.de,""{""""0"""":""""DARIO""""}"",13 Uhr nochmal anrufen,,,,,,,,false"
"f326db84-1c12-4abd-9669-40809c2a5e41,Johann Hoefer & Sohn GmbH & Co. KG,911970560,,‍+49,[],https://hoefer-und-sohn.de,,[],Badock,Brief versendet,,info@hoefer-und-sohn.de,""{""""0"""":""""DARIO""""}"",Klares Nein,,,,,,,,false"
"09f88137-0984-4cfc-8a2c-66ab8635602f,Bernhardt & Schulte GmbH & Co. KG,23549265,,‍+49,[],https://drehschalter.de,,[],Schulte,Kontaktiert,,info@drehschalter.de,""{""""0"""":""""ADRIAN""""}"",einkauf noch nicht erreicht,,,,,,,,false"
"14e44eb0-f840-47ea-b5ac-f722dcb937c3,Werkzeugbau Ruhla GmbH,369297780,,‍+49,[],https://ruhla-gmbh.de,,[],Köllner,Brief versendet,,info@ruhla-gmbh.de,""{""""0"""":""""DARIO""""}"",Nein,,,,,,,,false"
"378f79f2-ebfe-49e7-9709-a8287208fb2c,Alfred Konrad Veith GmbH & Co. KG,79416980,,‍+49,[],https://veith-kg.de,,[],Kapfer,Brief versendet,,info@veith-kg.de,""{""""0"""":""""DARIO""""}"",E-Mail an den Einkauf gesendet,,,,,,,,false"
"969e3f3d-65aa-42db-9548-9d91124cf638,SCHERDEL GmbH,92316030,,‍+49,[],https://scherdel.com,,[],Bach,Brief versendet,,info@scherdel.de,""{""""0"""":""""DARIO""""}"",""marina.ferrano@scherdel.com, Email erhalten"",,,,,,,,false"
"074c3cf1-1c51-4914-a867-688970527b23,Walter Förster GmbH,415287790,,‍+49,[],https://walter-foerster.de,,[],Rohrbeck,Kontaktiert,,service@walter-foerster.de,""{""""0"""":""""ADRIAN""""}"",,,,,,,,,false"
"092e0bdb-df54-4894-a29f-2ce996aa5ee7,STEIN Automation GmbH & Co. KG,7728644850,,‍+49,[],https://stein-automation.de,,[],,Brief versendet,,info@stein-automation.de,""{""""0"""":""""DARIO""""}"",Nein,,,,,,,,false"
"1f1b006b-bfdc-49be-9e73-8799561f0d2e,S & S Werkzeugbau GmbH,6642406250,,‍+49,[],https://sus-werkzeugbau.de,,[],Starch,Kontaktiert,,info@sus-werkzeugbau.de,""{""""0"""":""""ADRIAN""""}"",""Harald Starch nciht erreichabr, nochmal anrufen"",2026-07-02T07:45:22.000Z,,,,,,,false"
"35001cc6-edd1-4229-a142-a24494d7b5ac,Meindl-Köhle Umform- und Systemtechnik GmbH,81919472980,,‍+49,[],https://meindl-koehle.de,,[],Meindl-Köhle,Kontaktiert,,info@meindl-koehle.de,""{""""0"""":""""ADRIAN""""}"",,,,,,,,,false"
"5461b1c0-6108-4169-ace1-e5121692ddf6,SBS-Feintechnik GmbH und Co. KG,77228670,,‍+49,[],https://burger-group.com,,[],Burger,Kontaktiert,,info@burger-group.com,""{""""0"""":""""ADRIAN""""}"",,,,,,,,,false"
"77f8dfb3-3107-41dd-bb1e-8182784a4ebe,HEICO Umformtechnik GmbH,29388050,,‍+49,[],https://heico-group.com,,[],Heimann,Kontaktiert,,mail@heico-group.com,""{""""0"""":""""ADRIAN""""}"",""martina.abendbroth@heico-group.com, frau Abendbroth kommt am Montag aus dem urlaub zurück"",2026-07-02T07:35:49.000Z,2026-07-14,,,,,,false"
"7e664dca-6044-4be8-a565-bc2883766cdf,SCHAUENBURG Industrietechnik GmbH,9128721200,,‍+49,[],https://schauenburg-industrietechnik.com,,[],Niederwald,Kontaktiert,,info@sb-it.com,""{""""0"""":""""ADRIAN""""}"",,,,,,,,,false"
"8b296599-5c40-42f6-855d-78bae1500ef1,Morali Produktionstechnik GmbH,74117526000,,‍+49,[],https://morali.de,,[],Morali,Kontaktiert,,info@morali-gmbh.de,""{""""0"""":""""ADRIAN""""}"",,,,,,,,,false"
"8d43a313-35a3-4c25-97fc-bdee39a9b265,Egon Nesper GmbH & Co. KG,7231886700,,‍+49,[],https://nesper.com,,[],Merbecks,Kontaktiert,,info@nesper.com,""{""""0"""":""""ADRIAN""""}"",,,,,,,,,false"
"da8ec4ae-0d17-416e-9dc1-f80aa0fdf7c9,Buck Spritzgussteile Formenbau GmbH,98299119,,‍+49,[],https://buck-gmbh.net,,[],Buck,Kontaktiert,,info@buck-gmbh.net,""{""""0"""":""""ADRIAN""""}"",,,,,,,,,false"
"db0e82d3-4516-4423-bac4-20356e5efba4,Huissel GmbH,630392460,,‍+49,[],https://huissel.com,,[],Busalt,Brief versendet,,info@huissel.com,""{""""0"""":""""DARIO""""}"",Email geschrieben und Termin vereinbart,,,,,,,,false"
"e5e84739-602f-4b33-b38d-2e7fae81f8d4,Reichenbacher Hamuel GmbH,95615990,,‍+49,[],https://reichenbacher-hamuel.de,,[],Bach,Brief versendet,,info@reichenbacher.de,""{""""0"""":""""DARIO""""}"",rene.leipold@reichenbacher.de Email erhalten,,,,,,,,false"
"fef2b637-bf52-47a2-bc87-a91b37b4475a,Werkzeugtechnik Niederstetten GmbH,793291200,,‍+49,[],https://wtn.de,,[],Flügel,Kontaktiert,,info@wtn.de,""{""""0"""":""""ADRIAN""""}"",""fon +49 (0) 7932 9120-0, Durchwahl -70 für den Einkauf oder -34"",,,21.05.2026 Mit Herrn Stauch gesprochen. er ist in den nächsten Wochen (im Urlaub)-(Vorwand).,""Vereinbarung: Eine Email zu schicken und dann nochmal telefonieren- mit einem besseren Einstieg und mehr bezug und Sog. Eventuell die Kollegin im Einkauf anrufen. Melanie Weigel"
Einkauf
+49 7932 9120-34 - oder direkt mit der GF sprechen denn
"(Einkäufer haben das Gefühl das KI ihre Jobs wegnehmen könnten)"",Kein Beschaffungsagent im Einsatz,,,false"
"6271cf6f-1564-438f-98de-7c7b7aa4e288,KBS Stanztechnik,772295060,,‍+49,[],,,[],Burger,Kontaktiert,,info@kbs-stanztechnik.com,""{""""0"""":""""ADRIAN""""}"",,,,,,,,,false"
"e06769b9-3267-463e-a8dd-5bb01bb78e6d,FUNK DREIDIMENSIONAL GmbH,748492950,,‍+49,[],https://funk3d.com,,[],Funk,Kontaktiert,,info@funk3d.com,""{""""0"""":""""ADRIAN""""}"",,,,,,,,,false"
"15a6c67b-1091-401d-8730-d580ea95e319,Ebmeyer Werkzeugbau GmbH,524194130,,‍+49,[],https://ebmeyer.eu,,[],Ebmeyer,Kontaktiert,,info@ebmeyer.eu,""{""""0"""":""""ADRIAN""""}"",,,,,,,,,false"
"2a5c1e90-22e4-42e4-9751-784a004b8e2d,TR PLAST GmbH,918126600,,‍+49,[],https://tr-plast.de,,[],Hierl,Kontaktiert,,info@tr-plast.de,""{""""0"""":""""ADRIAN""""}"",nicht erreichabr,2026-07-02T08:05:49.000Z,,,,,,,false"
"06b3e83e-0c00-458a-93bf-cdb30fe40fc1,VEMA technische Kunststoffteile GmbH,757696100,,‍+49,[],https://vema-gmbh.de,,[],Veser,Kontaktiert,,info@vema-gmbh.de,""{""""0"""":""""ADRIAN""""}"",nachher anrufen,2026-07-02T08:05:37.000Z,,,,,,,false"
"661a8e2a-d6f1-48d9-b3d6-14e70294c802,Friedrichs & Rath GmbH,52624030,,‍+49,[],https://frira.com,,[],Exner,Kontaktiert,,info@frira.com,""{""""0"""":""""ADRIAN""""}"",info@friera.com,2026-07-02T08:05:42.000Z,,,,,,,false"
"97d61a2a-c8e0-441e-8fe2-5fd9174359db,BEW-Umformtechnik GmbH,7915050,,‍+49,[],https://bew-umformtechnik.com,,[],Schramek,Kontaktiert,,info@bew-umformtechnik.com,""{""""0"""":""""ADRIAN""""}"",nicht erreichbar,2026-07-02T07:55:09.000Z,,,,,,,false"
"7584a9c2-748e-4d48-ad07-70a950930216,Uebele GmbH Stanztechnik,7331999910,,‍+49,[],https://uebele.de,,[],Schunk,Kontaktiert,,info@uebele.de,""{""""0"""":""""SEBASTIAN""""}"",augerastet ( extremer interweltler),,,,,,,,false"
"179b6357-3c0a-4fde-88aa-03f40f7d3007,Römer Stanz- und Umformtechnik GmbH,239192930,,‍+49,[],https://roemer-gmbh.com,,[],Römer,Kontaktiert,,bewerbung@roemer-gmbh.com,""{""""0"""":""""SEBASTIAN""""}"",,,,,,,,,false"
"9f4fcdeb-4af4-4dc1-9c08-48e3b3b36ce9,Ernst Reiner GmbH & Co. KG,77236570,,‍+49,[],https://reiner.de,,[],Reiner,Kontaktiert,,reiner@reiner.de,""{""""0"""":""""SEBASTIAN""""}"",,,,,,,,,false"
"38a22b97-f66f-4690-97dd-82a5e83d2fae,SCHROEDER + BAUER Werkzeugbau Stanztechnik,72374230,,‍+49,[],https://schroeder-bauer.com,,[],Bauer,Kontaktiert,,info@schroeder-bauer.com,""{""""0"""":""""ADRIAN""""}"",,,,,,,,,false"
"5d93d836-9377-4fb9-9b0a-85f8dfccb39c,POLAR-FORM Werkzeugbau GmbH,782195030,,‍+49,[],https://polar-form.de,,[],Göppert,Kontaktiert,,info@polar-form.de,""{""""0"""":""""SEBASTIAN""""}"",,,,,,,,,false"
"a107dfa8-4810-49e4-ba4d-8f64368745cc,Sixt GmbH Stanz- & Umformtechnik,7159944830,,‍+49,[],https://sixt-gmbh.de,,[],Sixt,Kontaktiert,,info@sixt-gmbh.de,""{""""0"""":""""SEBASTIAN""""}"",""chef nicht da, nächste Woche nochmal"",,,,,,,,false"
"128de9d2-5fc9-439d-9f63-61a1f324f1fa,Kölle GmbH Werkzeugbau und Stanzerei,704294480,,‍+49,[],https://koelle-gmbh.de,,[],Kölle,Kontaktiert,,info@koelle-gmbh.de,""{""""0"""":""""SEBASTIAN""""}"",""Hat schon KI und Datensachutz, Anruf abgebrochen"",,,,,,,,false"
"47240ca6-ae45-4fdf-8d8d-8cc10e9dab52,Klaus Baier GmbH & Co. KG,836391390,,‍+49,[],https://klausbaier.de,,[],Baier,Kontaktiert,,info@klausbaier.de,""{""""0"""":""""SEBASTIAN""""}"",Termin am 02.06,,,,,02.06 Termin,,,false"
"2cdf0a1d-74fc-46c9-9d7d-7fb251a3524a,Blech-Teile-Fertigung GmbH,7822444890,,‍+49,[],https://b-t-f-gmbh.de,,[],Gysler,Neu – offen,,,""{""""0"""":""""DARIO""""}"",info@b-t-f-gmbh.de,,,,,,,,false"
"378e3ca1-c191-4a45-abfb-32604d162d45,R&C Blechformtechnik GmbH,243196630,,‍+49,[],https://r-c-gmbh.de,,[],Matzerath-Ebbinghaus,Neu – offen,,,""{""""0"""":""""DARIO""""}"",Kein Interesse,,,,,,,,false"
"47052347-cc63-4828-b938-d625add51e5f,GERSTUNG Sondermaschinen GmbH,2166928950,,‍+49,[],https://gerstung.de,,[],Gerstung,Neu – offen,,,""{""""0"""":""""DARIO""""}"",""vllt. Falsche Nummer, Anruf wird direkt abgelehnt"",,,,,,,,false"
"4ddca0e9-6515-4669-a0a5-8b13a319338c,Laser Blechbe- & -verarbeitungs GmbH,365774440,,‍+49,[],https://lasergmbh-gera.de,,[],Unglaub,Neu – offen,,,""{""""0"""":""""MIKLAS""""}"",,,,,,,,,false"
"4f24d9ac-34bd-4b53-adce-18e0785da593,KKI GmbH,629164870,,‍+49,[],https://kki-blechbearbeitung.de,,[],Köpfle,Offen,,,""{""""0"""":""""MIKLAS""""}"",""1. Anruf fehlgeschlagen 29.05. 10:45 Uhr"
"2. Anruf fehlgeschlagen 03.07."",,,,,,,,false"
"6772097a-8418-4d83-8108-5fc719e4b288,HAGER Sondermaschinenbau GmbH,908396960,,‍+49,[],https://hager-gmbh.de,,[],Hager,Neu – offen,,,""{""""0"""":""""DARIO""""}"",Kein Intresse,,,,,,,,false"
"68486755-3638-4d35-a8f7-c9be548abd48,Mundinger Engineering GmbH,6623923660,,‍+49,[],https://mundinger.de,,[],Mundinger,Ersttermin vereinbart,,,""{""""0"""":""""MIKLAS""""}"",✅ EU AI Act Dienstag 29.05.26 11:30Uhr,,,,,,,,false"
"7e629dc5-c7d0-494e-8c65-b25efca75ae4,MESA GmbH Heinz Wetzel & Söhne,64068303419,DE,‍+49,[],https://mesagmbh.de,,[],Wetzel,Kontaktiert,,,""{""""0"""":""""MIKLAS""""}"",""Anfang Juni: Herr Wetzel anrufen und auf Mail beziehen."

"03.07.:Sprachnachricht hinterlassen und um Verbindung mit Herrn WEtzel gebeten"",,,,,,,,false"
"9c885a9d-ca92-46f9-aaf3-8f63fa442ba9,Jonas Werkzeugbau Stanzerei GmbH,250473500,,‍+49,[],https://jonas-stanztechnik.de,,[],Jonas,Neu – offen,,,""{""""0"""":""""DARIO""""}"",Zu Kleines Unternehmen,,,,,,,,false"
"9caeac78-ee67-4fd2-b934-12a7c4559b07,Franz Moderegger GmbH,865294950,,‍+49,[],https://fm-kunststoffteile.de,,[],Moderegger,Neu – offen,,,""{""""0"""":""""DARIO""""}"",15 Uhr nochmal anrufen 26.05,,,,,,,,false"
"c5f58f90-926d-4e9c-9d4d-095babd58f90,SCHINK Blechbearbeitung u. Metallbau GmbH & Co. KG,956480480,,‍+49,[],https://schink-blechbearbeitung.de,,[],Schink,Neu – offen,,,""{""""0"""":""""DARIO""""}"",Ab dem 08.06 wieder melden,,,,,,,,false"
"d6e115ac-a737-4386-88fd-002ade40fd4d,EHRWA Kunststoffe & Formenbau GmbH,708294320,,‍+49,[],https://ehrwa.de,,[],Ehrhardt,Neu – offen,,,""{""""0"""":""""DARIO""""}"",Zu kleines unternehmen,,,,,,,,false"
"d9b3de0b-80ad-4fba-b36a-a2cec643fd17,TAUPITZ GmbH & Co. KG,352251340,,‍+49,[],https://taupitz.com,,[],Taupitz,Neu – offen,,,""{""""0"""":""""DARIO""""}"",""Erneut anrufen, GV arbeitet bereits selber an einer automatisierung (programmiert selber)"",,,,,,,,false"
"2e9fcbad-1749-4f5c-988d-3b2fa2d40fe9,Anton Lippert GmbH,907179390,,‍+49,[],https://lippert-blech.de,,[],Lippert,Neu – offen,,,""{""""0"""":""""DARIO""""}"",Anruf abgelehnt,,,,,,,,false"
"a6fe78d3-d954-4f33-bc5a-3c047ba92a20,Sachse Blechbearbeitung GmbH & Co. KG,603992300,,‍+49,[],https://sachse-blech.de,,[],Sachse,Neu – offen,,,""{""""0"""":""""DARIO""""}"",Ab dem 08.06 wieder Melden,,,,,,,,false"
"1e88aaf0-d7ed-479e-b352-2cdf092dbda4,Pro Metall Blechverarbeitung GmbH,784169350,,‍+49,[],https://prometall.de,,[],Baumann,Neu – offen,,,""{""""0"""":""""MIKLAS""""}"",""Montag 01.06. Frau Pletschen (nachmittags am besten)"

"03.07. Rückruf um 10:45 uUhr gebeten"",,2026-06-01,,,,,,false"
"4bc5489b-7a8d-46fe-860e-3f720ab8d7be,Robert Frank GmbH & Co. KG (Frank Formenbau & Spritzguss),8652976570,,‍+49,[],https://frank-formenbau-spritzguss.de,,[],Frank,Neu – offen,,info@frank-formenbau-spritzguss.de,""{""""0"""":""""DARIO""""}"",""15 Mitarbeiter, zu kleines Unternehmen"",,,,,,,,false"
"ba8b0fb0-789a-419a-be65-18e72d3043a8,CHRISTMANN Kunststofftechnik GmbH (babyplast),23592949090,,‍+49,[],https://babyplast.de,,[],Tesche,Neu – offen,,info@babyplast.de,""{""""0"""":""""DARIO""""}"",klares Nein,,,,,,,,false"
"ca1759b8-4750-4cb3-9b8b-e1a0d7f41fef,Möschl GmbH & Co. KG Kunststoffverarbeitung,7309954950,,‍+49,[],https://moeschl.eu,,[],Möschl,geschlossen,,info@moeschl.eu,""{""""0"""":""""MIKLAS""""}"",❌ kein interesse,,,,,,,,false"
"e58c0cbf-00f0-4ce6-9a02-a906fe0e58ba,Langer GmbH & Co. KG,75589300,,‍+49,[],https://langer-group.de,,[],,PA erreicht,,info@langer-group.de,""{""""0"""":""""MIKLAS""""}"",03.07. Gespräch mit Michael Schreiber -> Kollegin aus der Geschäftsführung kontaktiert mich bei intersse (Email verschickt) -> Im urlaub bis 13.07.26,,,,,,,,false"
"485f6c44-3b99-41a3-8b90-069f3254e317,PEKA Spritzguss GmbH,205128320,,‍+49,[],,,[],Peter,geschlossen,,info@peka-spritzguss.de,""{""""0"""":""""MIKLAS""""}"",14:00 Uhr aufgelegt,,,,,,,,false"
0ec13bf6-44d1-430e-a30c-55ac102fa3d0,W & G Elektro-Bauelemente GmbH,3696326100,,‍+49,[],https://wundg.de,,[],Wiegand,Neu – offen,,info@wundg.de,{},,,,,,,,,false
"23df4e39-28d2-4c56-9665-d1896ff636f7,Kirchgässner Komponenten GmbH (ehem. Hüller Hille),6263421120,,‍+49,[],https://hueller-hille.com,,[],Kirchgässner,Neu – offen,,info@hueller-hille.com,""{""""0"""":""""DARIO""""}"",Firma ist geschlossen,,,,,,,,false"
69c8f966-cc33-4bbc-8cbf-3999631f7339,Stocker Kunststoff GmbH,80712678,,‍+49,[],https://stocker-kunststoff.de,,[],Stocker,Neu – offen,,info@stocker-kunststoff.de,{},,,,,,,,,false
"d12e14fd-364f-41b6-85a9-5c305e51dfdb,Metallverarbeitung Ziegler GmbH & Co. KG,6406830340,,‍+49,[],https://ziegler-lollar.de,,[],Ziegler,Kontaktiert,,info@ziegler-lollar.de,""{""""0"""":""""MIKLAS""""}"",‍+49640683034-19 Entscheider (Sprtachnachricht am 03.07. hinterlassen),,2026-06-04,,,,,,false"
"eb1e1f3d-a921-4f2e-88d7-4e658a6d50ab,Elektro Eberhardt,90891470,,‍+49,[],https://elektrotechnik-eberhardt.de,,[],Keßler,Neu – offen,,info@elektrotechnik-eberhardt.de,""{""""0"""":""""DARIO""""}"",klares nein,,,,,,,,false"
"f83af3eb-9736-4ac5-b675-f92f259da277,Volker Witamwas GmbH Elektrotechnik,604496260,,‍+49,[],https://witamwas.de,,[],Witamwas,Neu – offen,,info@witamwas.de,""{""""0"""":""""SEBASTIAN""""}"",Termin am Dienstag,,,,,,,,false"
"14b426c0-6df4-4421-bb41-553fa862d045,J. Horstmann GmbH & Co. KG,545993500,,‍+49,[],https://horstmann.net,,[],Horstmann,Neu – offen,,info@horstmann.net,""{""""0"""":""""DARIO""""}"",Zu kleines Unternehmen,,,,,,,,false"
"336793f8-a642-4cda-98ec-0ce0ac2ec8b1,bahner Elektronik GmbH,896302550,,‍+49,[],https://bahner-gmbh.de,,[],Bahner,Neu – offen,,info@bahner-gmbh.de,""{""""0"""":""""DARIO""""}"",089 63025512 EK,,,,""Nochmal anrufen, nicht erreicht, wieder nicht erreicht"",,,,false"
"3e93576b-bcf9-4280-ad7b-2e5da43f4249,HELL ELECTRONIC e.K.,81719979510,,‍+49,[],https://hell-electronic.de,,[],Klefenz,Neu – offen,,info@hell-electronic.de,""{""""0"""":""""DARIO""""}"",Zu kleines Unternehmen,,,,,,,,false"
"5ba555e2-261b-4121-a0b0-188885dc5c16,PRIME-tec GmbH,3682459040,,‍+49,[],https://prime-tec.de,,[],Schrodt,Neu – offen,,,""{""""0"""":""""MIKLAS""""}"",""1. Versuch 29.05. 12:25 Uhr"
"2. versuch 03.07. 11:17 Uhr"",,,,,,,,false"
"d6772c72-d64b-42d0-9a41-a42ecbaad916,ELPROG GmbH,885769280,,‍+49,[],https://elprog.de,,[],Moebes,Neu – offen,,info@elprog.de,""{""""0"""":""""DARIO""""}"",kann man nochmal anrufen,,,,,,,,false"
69aebcdb-c47f-4c9b-9154-3138c0ab6c9d,Werkzeugbau Winkelmühle GmbH,3520258900,,‍+49,[],https://werkzeugbau-winkelmuehle.de,,[],Berthold,Neu – offen,,info@werkzeugbau-winkelmuehle.de,{},,,,,,,,,false
"6db573bf-636c-481f-a2b9-2a13bc9ad7c2,FÖRSTER & KRAUSE GmbH,2192937300,,‍+49,[],https://foerster-krause.de,,[],Förster,Neu – offen,,f-k@foerster-krause.de,""{""""0"""":""""DARIO""""}"",nein,,,,,,,,false"
"6f66e00d-04d1-4baf-b7c2-f619b87542e0,Karré GmbH Elektronik – Elektrotechnik,896700450,,‍+49,[],https://karre.de,,[],Karré,Neu – offen,,info@karre.de,""{""""0"""":""""DARIO""""}"",""Momentan keinen bedarf, da Sie ein neues ERP System einbauen und ich soll in 1 Jahr es wieder probieren :( 27.05.2027"",,,,,,,,false"
7d168009-5d58-4536-8aab-a9e3d1fefa25,KDH GmbH Maschinen- und Anlagenbau,703174790,,‍+49,[],https://kdh-gmbh.de,,[],Halilovic,Neu – offen,,kontakt@kdh-gmbh.de,{},,,,,,,,,false
8146aa4f-4675-4858-a2fc-4bc9433d5d9a,Werkzeugbau Kröger GmbH,4442703100,,‍+49,[],https://werkzeugbau-kroeger.de,,[],Kröger,Neu – offen,,info@werkzeugbau-kroeger.de,{},,,,,,,,,false
"94597ee5-9f18-4298-9063-be0340288d67,FRANK Elektronik GmbH,86190980080,,‍+49,[],https://frank-elektronik.de,,[],Sub,Neu – offen,,info@frank-elektronik.de,""{""""0"""":""""DARIO""""}"",gleich nochmal +49861909800817 anrufen,,,,,,,,false"
"bb615cca-ccf7-4ac5-bd83-3153bf61307f,Gritzbach GmbH,704494430,,‍+49,[],https://gritzbach.de,,[],Gritzbach,Neu – offen,,info@gritzbach.de,""{""""0"""":""""DARIO""""}"",Nichts mit Einkauf akutelle zutun,,,,,,,,false"
"d3637339-9b4c-4cb3-83ce-4d521a66e320,""Reuth GmbH Werkzeugbau, Maschinenbau, Formenbau"",268998680,,‍+49,[],https://reuth.de,,[],Böhm,Neu – offen,,info@reuth.de,""{""""0"""":""""DARIO""""}"",Kein Interesse,,,,,,,,false"
d9bb0426-8f43-4c57-8be6-c0070aa3a4b2,Schweigert GmbH Stanztechnik & Werkzeugbau,723238170,,‍+49,[],https://schweigert.com,,[],Schweigert,Neu – offen,,info@schweigert.com,{},,,,,,,,,false
"defa6781-469c-452b-9e1f-a6e0a697966e,August Schmits Stanz- und Umformtechnik GmbH & Co. KG,210492980,,‍+49,[],https://asmetal.de,,[],Kaldeuer,Neu – offen,,info@asmetal.de,""{""""0"""":""""DARIO""""}"",Ralf.neas@asmetall,,,,Email bereits geschickt,,,,false"
32cccf0e-d6bb-4405-94ac-4818f6b3159e,WISA Werkzeug- und Formenbau GmbH,84669405,,‍+49,[],https://wisa-formenbau.de,,[],,Neu – offen,,,{},,,,,,,,,false
eb08d3fd-7cc9-4179-9d6a-dbd1f4bd0752,Stehling Stanztechnik GmbH,2051417790,,‍+49,[],https://stehling.org,,[],,Neu – offen,,,{},,,,,,,,,false
"bb8f8205-7a3d-4d67-9b42-677edb601300,,,,,[],,,[],,,,,""{""""0"""":""""MIKLAS""""}"",,,,,,,,,false"
"eb6ed345-2227-4367-9807-1713eeab1777,S&S,,,,[],,,[],,,,,""{""""0"""":""""ADRIAN"""",""""1"""":""""SEBASTIAN""""}"",Montag anrufen,,,,,,,,false"
"65b310d5-3b68-4857-9c64-3e45ccd2c720,Morali,,,,[],morali.de,,[],,,,e.tamer@morali.de,""{""""0"""":""""ADRIAN"""",""""1"""":""""SEBASTIAN""""}"",""email und Follow Up, termin mit herrn falah"",2026-07-02T08:42:43.000Z,,,,,,,false"